Volume,vw,Open,Close,High,Low,n,Date,SMA_50,SMA_200,EMA_20,MACD,RSI,ADX,Bollinger_High,Bollinger_Low,VWAP
5020611.0,593.3956,592.67,593.39,594.37,591.905,69245,2025-02-03 09:30:00,,,,,,0.0,,,
3132629.0,592.8326,593.38,592.0361,593.59,591.6,43187,2025-02-03 09:45:00,,,,,,0.0,,,
3495019.0,592.6865,591.97,591.07,592.34,590.99,43775,2025-02-03 10:00:00,,,,,,0.0,,,
5212663.0,593.8429,591.0726,596.38,596.6,590.49,59909,2025-02-03 10:15:00,,,,,,0.0,,,
3662877.0,597.0178,596.36,598.13,598.65,595.7,53647,2025-02-03 10:30:00,,,,,,0.0,,,
1832782.0,597.706,598.18,597.88,598.3699,592.44,32756,2025-02-03 10:45:00,,,,,,0.0,,,
2381574.0,597.415,597.86,598.19,598.7,595.76,33337,2025-02-03 11:00:00,,,,,,0.0,,,
1489106.0,598.4397,598.17,597.87,599.25,597.555,20452,2025-02-03 11:15:00,,,,,,0.0,,,
1098715.0,598.317,597.87,598.76,598.9,597.26,16605,2025-02-03 11:30:00,,,,,,0.0,,,
2094569.0,598.3238,598.77,597.3399,599.01,596.91,24931,2025-02-03 11:45:00,,,,,,0.0,,,
1380856.0,597.1279,597.32,597.24,597.71,596.69,17872,2025-02-03 12:00:00,,,,,,0.0,,,
833966.0,597.76,597.21,597.4,598.7,596.9251,12968,2025-02-03 12:15:00,,,,,,0.0,,,
859462.0,596.8918,597.39,596.51,597.61,596.38,14121,2025-02-03 12:30:00,,,,,,0.0,,,
2637203.0,596.9932,596.53,597.38,598.08,595.97,33690,2025-02-03 12:45:00,,,,,61.4153704040764,0.0,,,595.3451071642484
1466346.0,597.0174,597.3435,597.56,597.91,596.08,18308,2025-02-03 13:00:00,,,,,62.27319092402077,0.0,,,595.7680770439785
847070.0,597.6973,597.61,597.795,598.26,597.19,12398,2025-02-03 13:15:00,,,,,63.41671378341075,0.0,,,596.1846075303428
1129330.0,598.9286,597.87,597.835,598.59,597.4201,16154,2025-02-03 13:30:00,,,,,63.61885179550939,0.0,,,596.8709628317781
1031026.0,599.502,597.86,598.835,599.0,597.86,11650,2025-02-03 13:45:00,,,,,68.33010637112478,0.0,,,597.4934216874885
1195185.0,599.0682,598.81,599.639,599.72,598.5,15442,2025-02-03 14:00:00,,,,,71.5230706550669,0.0,,,597.5991160532187
1203206.0,600.2118,599.64,599.48,600.0,599.45,12386,2025-02-03 14:15:00,,,597.0359999999998,,70.01960716993692,0.0,601.4938046439922,592.5781953560077,597.8520203930395
901831.0,600.0271,599.485,599.91,600.0,599.245,11861,2025-02-03 14:30:00,,,597.3097142857141,,71.74916105500921,0.0,601.6562089194634,593.0677910805365,597.9842528808632
794569.0,599.9605,599.9,599.68,600.29,599.415,12007,2025-02-03 14:45:00,,,597.5354557823127,,69.44156215067329,0.0,601.3852828607771,594.1031071392229,598.0460765458898
1117170.0,599.693,599.7,599.01,600.0258,598.9301,12983,2025-02-03 15:00:00,,,597.6758885649497,,63.077297582043144,0.0,600.1508122496022,596.1315777503977,598.1111969227524
1148694.0,599.1106,598.99,598.55,599.62,598.4,13812,2025-02-03 15:15:00,,,597.7591372730498,,59.07421616217963,0.0,600.0948332685043,596.4045567314959,598.2082575276612
1456680.0,598.8639,598.56,598.27,599.05,598.1,17443,2025-02-03 15:30:00,,,597.8077908660925,,56.714809999906485,0.0,600.1010258569502,596.4123641430497,598.3141416216042
7031141.0,598.7876,598.28,597.65,598.83,597.39,50925,2025-02-03 15:45:00,,,597.7927631645599,0.9165363818636934,51.782959008441175,0.0,600.1016063902631,596.3887836097368,598.2273512372683
2446068.0,597.9731,597.83,598.22,598.55,597.28,31973,2025-02-04 09:30:00,,,597.8334523869828,0.8346676220187419,55.6051623411402,0.0,600.1029740495771,596.390415950423,598.255326738609
1355074.0,598.654,598.215,598.995,599.2,597.95,18134,2025-02-04 09:45:00,,,597.944075969175,0.822836911347963,60.2222200524073,22.910778304317695,600.1782390862433,596.4276509137568,598.409086357306
1631255.0,600.1025,598.9943,600.45,600.93,598.96,22937,2025-02-04 10:00:00,,,598.1827354006821,0.9202591532857696,67.13315522015981,23.279406230004913,600.4775062646281,596.297383735372,598.6056416937249
1001530.0,600.7173,600.51,600.52,601.14,600.41,15098,2025-02-04 10:15:00,,,598.4053320291886,0.9916838824018441,67.42636753046256,23.73353064922083,600.7729525915095,596.3199474084906,598.7256679912832
1160038.0,600.8087,600.55,600.9888,601.26,600.11,20222,2025-02-04 10:30:00,,,598.6513765978373,1.0737393381776883,69.39553743581541,23.85519228970211,601.1147367316477,596.3530432683523,598.8648976360188
699848.0,600.6385,600.98,600.33,601.01,600.1504,12493,2025-02-04 10:45:00,,,598.8112454932814,1.0732376087920557,63.57879343403944,23.968163813006154,601.2754355276669,596.4853444723332,598.9276090586314
771477.0,601.1759,600.375,601.32,601.43,600.375,10436,2025-02-04 11:00:00,,,599.0501744939213,1.1395882469224716,67.92915274235959,24.339250983552326,601.4812865174513,596.7604934825486,598.9805263138514
822737.0,601.5278,601.32,601.98,602.01,601.194,11914,2025-02-04 11:15:00,,,599.3292054945002,1.2312351771167869,70.46219503960944,25.033892745329513,601.8784647505456,596.8233152494543,599.0460177428243
835702.0,601.1355,601.96,601.55,602.09,601.36,10698,2025-02-04 11:30:00,,,599.5407097331192,1.2547051631422619,66.7624364320199,25.726825787073484,602.1107010513364,596.9900789486636,599.1171280029951
749437.0,600.5279,601.52,601.37,601.59,600.79,11184,2025-02-04 11:45:00,,,599.7149278537745,1.2444357201349021,65.21868285270594,25.673473955404614,602.2734088005781,597.184871199422,599.1648107411406
349625.0,601.4411,601.38,601.5096,601.64,601.2407,7750,2025-02-04 12:00:00,,,599.8858490105579,1.233344438916788,65.87767763830189,25.660334412139324,602.4138160554746,597.4119239445254,599.1940794434219
1406025.0,600.5375,601.5,599.76,601.6,599.67,18656,2025-02-04 12:15:00,,,599.8738633905048,1.0710302506244034,52.46184704212891,23.973125613263385,602.4123806918943,597.5058593081056,599.2863342309722
856186.0,600.0562,599.82,600.43,600.51,599.4054,11499,2025-02-04 12:30:00,,,599.9268287818852,0.9851028352884441,56.144995003015715,22.35407710747943,602.4555137973127,597.5418262026874,599.3760233534521
483071.0,600.5026,600.41,600.99,601.03,600.1149,8163,2025-02-04 12:45:00,,,600.0280831836104,0.9512269077713427,59.00400824555418,21.133617979148617,602.5553035644004,597.5930364355997,600.1053505227127
483442.0,600.5678,600.98,600.675,601.04,600.11,9196,2025-02-04 13:00:00,,,600.0896943089808,0.8887175411094859,56.762373948262805,20.009416205796573,602.6058073534599,597.6190326465402,600.529946791161
396357.0,600.9444,600.68,601.13,601.25,600.66,7828,2025-02-04 13:15:00,,,600.1887710414588,0.8659114271595172,59.17502598697181,19.164582798364574,602.7079443546969,597.6618956453032,600.7575626840152
347634.0,601.0645,601.12,600.97,601.259,600.835,8005,2025-02-04 13:30:00,,,600.2631737994151,0.8254119199091292,57.95045775135806,18.38899963117088,602.7677577440777,597.7980822559223,600.8678189782751
288076.0,600.9706,600.97,600.725,601.21,600.71,6736,2025-02-04 13:45:00,,,600.3071572470898,0.7647309735458521,56.038144372229254,17.51482988240786,602.7508217467923,598.0325182532079,600.8866880702782
569681.0,601.3529,600.7,601.6701,601.78,600.57,8791,2025-02-04 14:00:00,,,600.4369613187955,0.7838666312550231,61.338202113040836,17.30000416407443,602.7699707454773,598.3533792545228,600.9280549429658
593980.0,601.8317,601.68,601.86,602.14,601.63,8454,2025-02-04 14:15:00,,,600.5724888122436,0.8050747205571724,62.32115797615664,17.449243524428372,602.5999847273765,598.9443652726236,601.0246960403963
654917.0,602.0613,601.88,602.01,602.3,601.81,9012,2025-02-04 14:30:00,,,600.709394639649,0.8244819162147223,63.11879993799431,17.741013386239235,602.4452416818488,599.4781083181513,601.0984605492631
1174588.0,601.5977,602.01,601.48,602.09,600.84,14134,2025-02-04 14:45:00,,,600.7827856263491,0.7880119764455458,58.41344328905201,16.727200532412898,602.2773056694301,599.89454433057,601.089586668043
874092.0,601.5754,601.47,601.8425,601.92,601.19,11863,2025-02-04 15:00:00,,,600.8837108047921,0.7793758472651007,60.57809602295293,15.785802882431298,602.3528796797422,599.958220320258,601.0904877421871
1323125.0,600.3072,601.82,601.085,601.89,601.03,10876,2025-02-04 15:15:00,599.11302,,600.9028812043357,0.7033005227247031,54.226195129566996,14.708013527032106,602.3459604071691,600.021639592831,601.1112999120071
1226986.0,601.5092,601.085,601.6,601.9,600.97,14413,2025-02-04 15:30:00,599.27722,,600.9692734705894,0.6767651485381521,57.48975076336112,13.686766533778151,602.3865036113342,600.0422163886659,601.1432852970112
4555159.0,601.3578,601.62,601.76,602.27,601.23,36427,2025-02-04 15:45:00,599.471698,,601.0445807591046,0.6610264348757937,58.48018769296542,13.167936889025636,602.406840698135,600.1648793018651,601.4255978205473
1764576.0,600.7005,600.64,600.89,601.09,600.2,24814,2025-02-05 09:30:00,599.668098,,601.0298587820471,0.5717607596717471,51.45945682704349,13.056726329538991,602.3983161920953,600.1304038079047,601.4180436552747
1000536.0,600.2692,600.86,600.12,601.0737,599.47,18421,2025-02-05 09:45:00,599.742898,,600.9432055647093,0.43388297129615694,46.17569575340419,13.676521398546393,602.35910765232,599.9836123476802,601.3619106251939
2089250.0,599.531,600.12,599.95,601.1,598.58,29726,2025-02-05 10:00:00,599.779298,,600.8486145585465,0.3073532741780127,45.07527384873721,14.98279066930466,602.3777560842569,599.8049639157431,601.1994607757032
912125.0,599.9226,599.94,600.63,600.66,599.24,16185,2025-02-05 10:15:00,599.834298,,600.8277941243992,0.2589627334252782,50.188767716212155,16.19575499215162,602.3491114995518,599.7596085004482,601.1500129046127
908892.0,600.5665,600.62,600.77,600.99,599.77,19889,2025-02-05 10:30:00,599.885898,,600.8222899220756,0.22926686550306385,51.19618050028688,16.820439709471252,602.3002029785873,599.7345570214127,601.1200748067223
638704.0,600.608,600.79,600.585,600.9199,600.23,11654,2025-02-05 10:45:00,599.9401979999999,,600.799690881878,0.1886303095469657,49.763916421458816,17.40050408983948,602.2248281582868,599.8924318417132,601.1049077496444
661575.0,600.9286,600.57,600.9699,601.4,600.34,11876,2025-02-05 11:00:00,599.984396,,600.81590127408,0.1853471923784582,52.72710058777693,17.2038028030832,602.2168379293336,599.9544120706663,601.0903622126373
559961.0,600.5489,600.985,601.27,601.28,600.135,10307,2025-02-05 11:15:00,600.062998,,600.8591487717867,0.2046023320056065,54.95791833778875,17.24371510600798,602.2326866450536,599.9665633549465,601.0589389097682
1389923.0,601.4385,601.24,601.84,601.85,600.4235,15985,2025-02-05 11:30:00,600.154998,,600.9525631744738,0.2628267025738751,58.922933198500886,16.451894226585047,602.3171101752305,599.9986398247697,601.0480087945704
1441469.0,602.321,601.85,602.65,602.88,601.68,16342,2025-02-05 11:45:00,600.259998,,601.114223824524,0.3700642954399882,63.799713785944824,16.056990388252885,602.5627294658808,599.9050205341192,601.1233713703648
901662.0,602.9198,602.64,602.9,603.17,602.6,12191,2025-02-05 12:00:00,600.3877980000001,,601.284297745998,0.46980811554374213,65.1739996078488,15.986276016474514,602.8369849997979,599.8237650002021,601.1817927057284
500354.0,602.6285,602.91,602.49,602.91,602.33,9367,2025-02-05 12:15:00,600.489998,,601.3991265320934,0.5098944918011057,61.07872034010666,15.554340517092495,602.9788723174119,599.8583776825882,601.2084874269362
409096.0,602.5461,602.5,602.57,602.745,602.37,7829,2025-02-05 12:30:00,600.590198,,601.5106382909416,0.5418721997883722,61.585933192948374,15.153257553380618,603.1003113069943,599.8269286930057,601.2202262707827
288514.0,602.6672,602.56,602.67,602.85,602.32,6489,2025-02-05 12:45:00,600.6876980000001,,601.6210536918044,0.5687279858207148,62.24820376267806,14.907571514920656,603.2163829921803,599.7918570078195,601.0697464930257
326346.0,602.6419,602.675,602.71,602.9,602.42,6068,2025-02-05 13:00:00,600.785198,,601.7247628640135,0.5864784964066985,62.526504304200046,14.74251546736165,603.318611768565,599.759628231435,601.1636743422134
398663.0,602.6063,602.73,602.566,602.895,602.21,6901,2025-02-05 13:15:00,600.859818,,601.8048806864884,0.5822148964793996,60.78914497695349,14.241114712347093,603.4278121244898,599.75902787551,601.2948089053251
611417.0,602.9591,602.56,603.1,603.4,602.39,9656,2025-02-05 13:30:00,600.929038,,601.9282253830133,0.6148378321889822,64.7056130632615,14.439925502483279,603.6032746850225,599.7093153149775,601.6951644766018
344986.0,602.9588,603.1,602.93,603.15,602.67,7036,2025-02-05 13:45:00,600.998038,,602.0236324893931,0.6198291597997923,62.563217297607956,14.624535521895451,603.7525108015769,599.7445791984231,601.8877188688692
525107.0,603.3312,602.92,603.47,603.635,602.91,8157,2025-02-05 14:00:00,601.0692379999999,,602.1613817761175,0.6597530870185437,66.37201661740664,15.39422140874415,603.979608630372,599.704481369628,602.1115436500074
439732.0,603.371,603.45,603.27,603.5,603.23,7095,2025-02-05 14:15:00,601.141038,,602.2669644641063,0.6675595475230693,63.7836839670057,16.108929732246516,604.1430431675772,599.6920468324229,602.2839021547434
638484.0,603.234,603.29,603.165,603.41,603.0925,8514,2025-02-05 14:30:00,601.224138,,602.3524916580009,0.657692135695811,62.4076880093704,16.48485427260701,604.2676189689026,599.7949710310974,602.4562700757074
598264.0,603.1129,603.16,603.0699,603.2198,602.88,7559,2025-02-05 14:45:00,601.314536,,602.4208162620007,0.6348798656238159,61.12157829041944,16.39394876983845,604.276230379984,600.0813496200159,602.5962047039884
728538.0,603.0219,603.07,603.4,603.42,603.03,8718,2025-02-05 15:00:00,601.417136,,602.5140718560959,0.6361046698052633,63.90236908604126,16.606109067591397,604.2446998731092,600.4578801268909,602.866461948681
1242663.0,603.5326,603.4,603.73,603.97,603.4,12508,2025-02-05 15:15:00,601.538736,,602.6298745364678,0.6561400044795391,66.48328710225019,17.531982733873214,604.3164008661037,600.6961791338964,603.080622082119
1402360.0,603.0159,603.72,603.025,603.83,602.9251,12688,2025-02-05 15:30:00,601.6348360000001,,602.6675055329947,0.6081205088029265,57.09189769726802,17.417340099635663,604.2550481043766,600.9830318956235,603.1307107506309
3654426.0,603.5707,603.02,604.17,604.37,602.91,32305,2025-02-05 15:45:00,601.738336,,602.8106002441381,0.6549072798961788,65.59284276425979,17.99668803083648,604.2820797113758,601.3145002886241,603.37053245758
2218033.0,605.561,605.99,605.63,606.05,605.1,26583,2025-02-06 09:30:00,601.841936,,603.0791145066012,0.8005674876769717,72.95156082891785,20.006730701829685,604.7399731130113,601.3226168869887,603.7626425015387
1026184.0,605.6207,605.64,605.2699,606.1,604.94,16019,2025-02-06 09:45:00,601.9369340000001,,603.2877607440677,0.8768395309505195,69.03010903804929,21.585100998150786,605.0036972183284,601.4588827816715,603.9074242042872
678170.0,605.2839,605.22,605.73,605.8,604.96,13155,2025-02-06 10:00:00,602.031758,,603.5203549589183,0.9633074904273826,71.16303434672929,23.050730559020387,605.3883595166241,601.463220483376,604.0094043936178
689320.0,605.3936,605.74,604.94,605.945,604.83,15005,2025-02-06 10:15:00,602.123958,,603.6555592485452,0.9570552365654521,63.12422757877134,24.528253004923958,605.5743584520393,601.5062215479608,604.1057806366501
1079080.0,605.0333,604.94,604.7,605.75,604.38,17235,2025-02-06 10:30:00,602.191558,,603.7550297963028,0.922104835544701,60.8744428485803,25.01620517249766,605.7020104607719,601.558569539228,604.2107437316121
696964.0,604.6063,604.75,604.62,604.9384,604.16,12342,2025-02-06 10:45:00,602.244358,,603.8374079109407,0.8778319591262971,60.105450229840294,25.0623881128752,605.781908477639,601.691671522361,604.2554875437162
552483.0,605.102,604.63,605.5899,605.62,604.54,9956,2025-02-06 11:00:00,602.325156,,604.0043119194224,0.9105123897486465,65.75379591304159,25.776468616649435,606.0104802633574,601.7650897366426,604.3213908105945
530692.0,605.5747,605.5943,605.53,605.6999,605.3701,9002,2025-02-06 11:15:00,602.408356,,604.1496155461441,0.9209621585864625,65.14039749639849,26.51240265843344,606.1910658014422,601.8705041985579,604.3898752989087
461856.0,605.2233,605.55,605.02,605.56,604.95,8606,2025-02-06 11:30:00,602.478564,,604.2325093036542,0.8779702434757155,60.007578383627646,26.401899553642117,606.2582193742359,602.0343506257642,604.4611351750394
578489.0,605.1843,605.0182,605.12,605.5048,604.765,9488,2025-02-06 11:45:00,602.5857639999999,,604.3170322271158,0.8422589681782711,60.662110732991096,25.966441534506465,606.2951731864583,602.2527968135417,604.5401090328572
456180.0,604.9786,605.13,604.81,605.17,604.77,8654,2025-02-06 12:00:00,602.673364,,604.363981538819,0.7799523112565794,57.519333242987685,25.56208765959479,606.318508977668,602.4004610223321,604.611334161467
505572.0,605.3237,604.82,605.14,605.63,604.75,8854,2025-02-06 12:15:00,602.7563640000001,,604.4378880589314,0.7485729953064038,59.900925423449024,25.739308874723843,606.3413719736315,602.5985980263684,604.7088311270782
289474.0,605.161,605.14,605.29,605.345,604.86,6040,2025-02-06 12:30:00,602.848664,,604.5190415771284,0.7274231267380173,60.9719871800052,25.903871431629398,606.4058308269126,602.7161391730873,604.8701039541157
430355.0,605.5546,605.29,605.61,605.78,605.2238,7586,2025-02-06 12:45:00,602.938264,,604.6229423793067,0.7280900601759868,63.2284858341801,26.55131230310182,606.4767229367425,602.8792470632576,605.2759876385956
724329.0,605.6684,605.61,605.47,605.99,605.3,9961,2025-02-06 13:00:00,603.028264,,604.7036145336584,0.7091471725827887,61.55176075023874,27.373842191454887,606.4814176752682,603.1050523247316,605.2209420877423
492469.0,605.5965,605.48,605.58,605.82,605.33,8692,2025-02-06 13:15:00,603.125364,,604.7870798161672,0.694999358399059,62.39555696594393,28.137619944925593,606.440836532279,603.3966434677211,605.215289530492
440145.0,605.4241,605.59,605.4,605.79,605.13,7444,2025-02-06 13:30:00,603.1999619999999,,604.8454531670084,0.6616356936295915,60.07228643977298,28.353763315474378,606.3832127383041,603.6542672616958,605.2036947768427
621611.0,605.016,605.39,605.16,605.45,605.0401,7342,2025-02-06 13:45:00,603.265962,,604.8754100082457,0.6088107631846924,57.023523969943625,28.33307223795209,606.320344700249,603.8601352997509,605.2016854301758
993823.0,605.3194,605.15,605.2,605.49,605.0,9768,2025-02-06 14:00:00,603.329762,,604.9063233407937,0.5636765782129487,57.41147371665885,28.21118751497108,605.9833480327723,604.4146319672277,605.2411637942033
783732.0,604.9719,605.21,604.56,605.42,604.36,9363,2025-02-06 14:15:00,603.391362,,604.87334016548,0.47083724151752904,49.68356339203093,26.63529939598012,605.9138992921253,604.5230807078747,605.2544437702762
1957765.0,603.3777,604.58,603.37,604.58,602.63,21100,2025-02-06 14:30:00,603.421912,,604.7301649116249,0.2978054279640219,39.135247364446336,26.720486710928665,606.1456981731917,604.0652818268084,604.8896770368009
1044529.0,603.9392,603.37,603.73,604.3,603.25,11668,2025-02-06 14:45:00,603.4748119999999,,604.6349111105178,0.18756334694091947,43.07283451264437,26.7995892176666,606.2248680780466,603.8321219219532,604.7341031626612
820538.0,603.9403,603.72,604.2,604.21,603.53,10251,2025-02-06 15:00:00,603.526812,,604.5934910047542,0.13654674959309432,47.81913903067216,26.87304154535182,606.1548077376592,603.7491822623408,604.6529146808073
1445607.0,604.5138,604.19,604.765,604.82,604.19,12133,2025-02-06 15:15:00,603.586912,,604.6098251947777,0.14009161777244117,52.90269245526034,25.81319281831099,606.1488224060072,603.7376675939927,604.619797623824
1267303.0,604.8654,604.77,605.02,605.05,604.58,13039,2025-02-06 15:30:00,603.6695119999999,,604.6488894619418,0.1616143308158371,55.03198945240008,24.446766197233085,606.1599687491927,603.7585212508073,604.6365996582821
5353534.0,605.8523,605.02,606.34,606.4525,604.97,41003,2025-02-06 15:45:00,603.793912,,604.8099476084236,0.28193424182347826,64.08402509093125,24.042846113534416,606.3758211766524,603.7146688233477,605.0328640642339
2073397.0,607.1386,606.89,607.53,607.77,606.56,22829,2025-02-07 09:30:00,603.9455119999999,,605.0690002171452,0.4679178274639071,69.9557043199852,24.796405098028767,606.8476135242888,603.4368864757114,605.2840832750081
1061292.0,607.8346,607.51,607.8103,608.13,607.51,16008,2025-02-07 09:45:00,604.089118,,605.330076386941,0.6306591800032493,71.152033477248,25.749146490801017,607.3177923990597,603.1947376009402,605.4192332215047
3656024.0,605.3204,607.77,604.25,607.81,603.77,45374,2025-02-07 10:00:00,604.158718,,605.2272119691371,0.466963553873029,46.062808199169446,24.908643918500925,607.3237839545857,603.1117460454143,605.3900441251633
1446439.0,604.6281,604.3,604.583,605.41,603.81,21854,2025-02-07 10:15:00,604.238678,,605.1658584482669,0.35995457552166954,47.91281425696314,24.128177244222268,607.3148514089055,603.0669785910945,605.3363463098328
728980.0,604.8513,604.5,604.47,605.54,604.26,15848,2025-02-07 10:30:00,604.30868,,605.0995862150986,0.2629993409099143,47.31969011132972,23.281483546250065,607.3151469605951,603.0326830394048,605.3162127430028
3789339.0,603.0916,604.5102,603.41,605.39,601.18,49450,2025-02-07 10:45:00,604.35148,,604.9386732422321,0.09948171446592369,42.05983702378775,24.22812537660438,607.3627159667019,602.812114033298,605.0332242916685
1757386.0,602.6358,603.45,602.44,603.64,601.54,25129,2025-02-07 11:00:00,604.3634800000001,,604.7007043620195,-0.10714299815504091,37.90737226951671,25.107149933361956,607.4923298835781,602.397500116422,604.8648604125048
3977389.0,602.8665,602.5,602.0004,604.5395,601.93,23744,2025-02-07 11:15:00,604.3504879999999,,604.4435325180176,-0.3028752602010627,36.16478364943401,25.088141824125184,607.5936745750583,601.9351954249418,604.5997617020406
919389.0,602.3294,602.05,602.07,602.91,601.74,14963,2025-02-07 11:30:00,604.333888,,604.217481802016,-0.44722304088998044,36.66123537102407,25.173082600490314,607.6344067388615,601.5544632611385,604.597421266887
4152408.0,601.943,602.06,601.5988,602.62,601.29,50348,2025-02-07 11:45:00,604.316064,,603.9680835351573,-0.5928080765764889,34.69401945411843,25.49669641956059,607.6639261737582,601.1268238262417,604.2710407468957
1649399.0,602.1814,601.57,602.53,602.67,600.73,21574,2025-02-07 12:00:00,604.3152640000001,,603.8311231984757,-0.6258310181931392,41.38757668242696,26.091606934282453,607.5828100452204,600.9209399547797,604.1644976713775
1722250.0,601.6739,602.52,601.7,602.83,600.64,25429,2025-02-07 12:15:00,604.295864,,603.6281590843352,-0.7107825420445124,37.68043066377259,26.474624082785652,607.5592323488188,600.598517651181,604.0207968382957
615861.0,602.9056,601.61,602.2,602.46,601.3,10413,2025-02-07 12:30:00,604.285664,,603.4921439334461,-0.7293538779160826,41.1029047297427,26.830282863538624,607.4612307685315,600.3965192314686,603.9495015057513
583391.0,603.2909,602.2,602.16,602.85,602.01,10629,2025-02-07 12:45:00,604.277544,,603.3652730826417,-0.7387832279247277,40.909345926282434,26.71258515928147,607.4097161899829,600.208033810017,603.5409925115563
647244.0,603.1528,602.17,603.5001,603.63,602.04,11907,2025-02-07 13:00:00,604.285546,,603.3781137414377,-0.6308491491233781,49.491001345026966,25.770116153132676,607.4134953625722,600.2172646374278,603.2384580371399
626467.0,603.9827,603.49,603.3143,603.75,603.07,9982,2025-02-07 13:15:00,604.2932320000001,,603.3720362422532,-0.553917900499755,48.44060069725456,24.771690812157235,607.3992398343601,600.1899501656401,603.0568408243093
660162.0,603.6596,603.33,602.34,603.65,602.08,12282,2025-02-07 13:30:00,604.2706320000001,,603.2737470763243,-0.5650536128258636,43.2560910497721,24.594359994833443,607.3552461959789,600.0479438040211,602.697763938945
809227.0,602.5323,602.39,601.235,602.4,601.13,13109,2025-02-07 13:45:00,604.229932,,603.079580688103,-0.6554869645020744,38.25524572956065,25.03756443337826,607.2954013803727,599.7547886196274,602.5365062207844
1182101.0,602.6254,601.226,600.94,601.59,600.68,14310,2025-02-07 14:00:00,604.185432,,602.8758110987599,-0.7424021321744476,37.02460576313069,25.710631103465506,607.18611003773,599.45607996227,602.3913473283166
848161.0,601.6831,600.95,600.5893,601.24,600.42,13054,2025-02-07 14:15:00,604.13582,,602.6580481369732,-0.8300137064798037,35.56006650746072,26.484823760011945,606.8121072130941,599.255012786906,602.1463665748227
1013271.0,601.0715,600.6091,601.43,601.5499,600.34,15760,2025-02-07 14:30:00,604.09642,,602.5410911715471,-0.82213202017806,41.530800051985445,26.820379549000986,605.9497407527026,599.5073792472974,602.0564339426275
661862.0,601.2907,601.46,601.12,601.6,600.99,11502,2025-02-07 14:45:00,604.04422,,602.4057491552093,-0.831317228686089,40.056941771369814,27.068286471108387,604.6921052842144,600.0959847157856,601.8331629005195
1023393.0,600.649,601.11,600.39,601.11,600.28,15216,2025-02-07 15:00:00,603.99152,,602.2137730451893,-0.8872735347400749,36.74956633563025,27.766399154169655,604.4915494313175,599.9105405686826,601.7317208214695
837991.0,600.4435,600.375,600.4,600.82,600.05,14092,2025-02-07 15:15:00,603.91612,,602.0410327551713,-0.9202048453551015,36.826515226567345,28.55784933077199,604.1332605348599,599.8505294651401,601.6128977421579
2197796.0,601.2076,600.39,600.69,601.15,600.37,19082,2025-02-07 15:30:00,603.81732,,601.9123629689644,-0.9123851617018772,39.13890633514177,28.82907185198796,603.687927517992,599.9178624820081,601.4248164283808
5122528.0,602.4936,600.71,600.78,601.26,600.5,37676,2025-02-07 15:45:00,603.727522,,601.8045188766822,-0.8886815900453939,39.874460464860505,28.924868241249097,603.4537765904256,599.8890134095745,601.218291078503
2028226.0,603.4883,604.03,603.1046,604.1,602.74,28696,2025-02-10 09:30:00,603.675014,,601.928336126522,-0.6745448135047809,55.001744737317544,27.62869769170992,603.56611144569,599.8431385543101,601.4254588150981
1371886.0,602.925,603.09,603.49,603.52,602.811,17251,2025-02-10 09:45:00,603.646014,,602.0770660192342,-0.46834255480769116,56.93621620428452,26.425110752852113,603.7947832763841,599.7634267236158,601.5306591431146
1708143.0,603.2394,603.51,604.39,604.78,603.33,27531,2025-02-10 10:00:00,603.639814,,602.2973454459737,-0.22965596973381253,61.137769345787255,26.195337726795618,604.2093144706155,599.5808955293844,601.7056090993954
788463.0,604.4721,604.39,604.73,604.79,604.1,14602,2025-02-10 10:15:00,603.642014,,602.5290268320715,-0.012911141317090369,62.62145256827506,25.98850052622452,604.6683973021443,599.4349326978556,601.7642196601723
956849.0,604.8453,604.74,604.81,604.97,604.56,18630,2025-02-10 10:30:00,603.626416,,602.7462623718742,0.16343208483624494,62.97959059077844,25.91989568033835,605.0416388283031,599.2896911716969,601.8749005751026
933152.0,604.519,604.83,604.8688,605.33,604.8101,17541,2025-02-10 10:45:00,603.613192,,602.9484088126482,0.3044208564967903,63.25824118624479,26.10407765254463,605.42068884577,599.2275211542301,602.0273087306354
625023.0,604.8135,604.85,604.66,605.13,604.53,16125,2025-02-10 11:00:00,603.605992,,603.1114174971578,0.3947565510285358,61.48833858183561,25.93239840321835,605.7054045862693,599.1888054137306,602.1688805547359
825449.0,604.3097,604.65,604.31,604.6699,604.05,18736,2025-02-10 11:15:00,603.589792,,603.2255682117142,0.43311350200315246,58.53204094195572,25.203385094520023,605.9083910536835,599.2008189463165,602.3181044342984
590285.0,604.1795,604.3199,604.22,604.36,603.84,12967,2025-02-10 11:30:00,603.577992,,603.3202760010747,0.45104999063573814,57.76297409061507,24.282777604290764,605.9992088476066,599.1819911523934,602.4351793553751
500390.0,604.2631,604.2134,604.425,604.49,603.94,12479,2025-02-10 11:45:00,603.5636920000001,,603.4254878104962,0.47631590063986096,59.081786791068545,23.548638826408798,606.1353374970015,599.1569325029986,602.52328388075
695777.0,603.2275,604.41,603.49,604.46,603.2108,12758,2025-02-10 12:00:00,603.527692,,603.4316318285441,0.41609613325681494,51.2254827273297,22.017750757487278,606.2086295741872,599.198640425813,602.6696678407404
478976.0,603.5836,603.47,603.6286,603.95,603.24,11662,2025-02-10 12:15:00,603.4880639999999,,603.4503907020161,0.3752299778057022,52.23932734541596,20.59621183634587,606.2827120649638,599.3639179350362,602.7935052516974
363214.0,604.1293,603.65,604.1813,604.4,603.64,10618,2025-02-10 12:30:00,603.4622899999999,,603.5200011113478,0.3830262380328122,56.153370027729515,19.761796581518833,606.3797602630788,599.5909997369212,603.086972083748
306893.0,604.3132,604.18,604.59,604.64,603.98,9194,2025-02-10 12:45:00,603.4424899999999,,603.62190576741,0.4173722967515232,58.83954992173924,19.23655695939367,606.4608512398127,599.9099787601874,604.0629251513287
474619.0,603.6854,604.58,604.88,604.88,604.52,9030,2025-02-10 13:00:00,603.43209,,603.7417242657519,0.46265912569924694,60.680268767993304,18.99704322672644,606.6086818112425,600.1071481887574,604.2369581041296
440022.0,604.8153,604.88,604.68,604.99,604.635,9528,2025-02-10 13:15:00,603.42249,,603.8310838594898,0.4769133748668537,58.72961070553201,18.890030996654644,606.6646012899747,600.4072287100254,604.3975136823692
390115.0,604.7296,604.6801,604.81,604.86,604.56,10518,2025-02-10 13:30:00,603.4146900000001,,603.9243139681098,0.4930166940168874,59.63786164990826,18.67395350392522,606.574470000541,600.939359999459,604.4607488111427
474416.0,605.0384,604.8,605.052,605.24,604.77,10785,2025-02-10 13:45:00,603.42453,,604.0317126378137,0.5193196740458461,61.34334792269507,18.897140720715647,606.3986390128047,601.5803909871953,604.4859682797612
524343.0,605.0052,605.05,605.26,605.31,604.63,10491,2025-02-10 14:00:00,603.46233,,604.1486923865933,0.5506018416007237,62.7983670977822,18.867575292744682,606.1520512171041,602.2839787828959,604.4890041142736
558332.0,605.2484,605.25,605.19,605.4999,605.01,9994,2025-02-10 14:15:00,603.49153,,604.2478645402512,0.5632519518890149,61.95322874324531,19.06278760473584,605.6094021120091,603.267627887991,604.4801682611754
510835.0,605.1404,605.18,604.99,605.37,604.895,9123,2025-02-10 14:30:00,603.50733,,604.3185441078463,0.5507897653412783,59.4898076049824,19.032706539204145,605.5527803887486,603.5127896112514,604.4977937441188
926739.0,604.8484,604.97,604.93,605.199,604.72,9318,2025-02-10 14:45:00,603.51063,,604.3767780023371,0.5299628127429514,58.73527216616572,18.67980190871462,605.5178734037528,603.6916965962472,604.5733014551482
582923.0,605.039,604.95,605.1799,605.19,604.7516,9592,2025-02-10 15:00:00,603.513828,,604.4532658116384,0.5275409802201239,60.956463235027904,18.35210475183149,605.5847139138757,603.7038460861243,604.6463703252055
701865.0,604.9888,605.18,604.89,605.19,604.81,9991,2025-02-10 15:15:00,603.484828,,604.4948595438633,0.496505744138517,57.11560433866407,18.047814534725727,605.5982007294311,603.7063592705689,604.7006559077905
1382861.0,604.7621,604.88,604.91,605.03,604.5,15379,2025-02-10 15:30:00,603.432428,,604.534396730162,0.46812764471110313,57.31542757606974,17.127913291137947,605.6075298757524,603.7070301242476,604.8039005733834
3239215.0,604.6495,604.92,604.79,605.0,604.2446,31026,2025-02-10 15:45:00,603.372022,,604.558739898718,0.4309866534822504,55.64020936376774,16.022697411816353,605.6006981738536,603.7059818261463,604.819208834342
1466103.0,603.0633,602.55,603.44,603.5899,602.43,23824,2025-02-11 09:30:00,603.355822,,604.4521932416973,0.2892837497730625,41.08990217426397,17.326956647359033,605.6772517151029,603.507428284897,604.6379259252705
644678.0,603.3418,603.41,603.33,603.59,603.13,14671,2025-02-11 09:45:00,603.330762,,604.345317694869,0.16619134658481016,40.168161066233154,18.537865659266668,605.7558525605815,603.3308274394184,604.5763607209162
1036966.0,603.3228,603.31,603.3,603.97,602.7,22351,2025-02-11 10:00:00,603.307362,,604.245763628691,0.06546434868414508,39.905245025183994,20.054524455860726,605.8202125673957,603.1744674326043,604.468707872996
842990.0,603.841,603.3,604.15,604.26,603.14,16787,2025-02-11 10:15:00,603.322162,,604.2366432831013,0.053607420429443664,49.90927158137419,20.891634888056952,605.8148743346064,603.1523056653937,604.4195144080468
606443.0,604.2166,604.16,604.48,604.48,604.0,15886,2025-02-11 10:30:00,603.3629619999999,,604.2598201132822,0.07003167982600189,53.168789327987795,21.24863001867839,605.7841197117048,603.2820602882953,604.4056852014021
1186047.0,604.8485,604.47,604.7062,605.22,604.47,19230,2025-02-11 10:45:00,603.4170780000001,,604.3023324834458,0.10014605194783144,55.315229927600065,20.328084506384982,605.7684250792847,603.4055149207152,604.417959116798
549377.0,604.7083,604.7,604.78,604.9,604.5201,16482,2025-02-11 11:00:00,603.471278,,604.3478246278795,0.1284858471778989,56.02342569901283,19.473292244969677,605.7860030172199,603.4478069827801,604.4062370777917
703032.0,604.8167,604.79,604.58,605.05,604.5,17157,2025-02-11 11:15:00,603.5309020000001,,604.3699365680815,0.13327074831613572,53.54666228321116,18.434231104788203,605.7855571688248,603.4472528311752,604.3889756477911
586490.0,604.6769,604.62,604.83,604.89,604.44,14506,2025-02-11 11:30:00,603.576902,,604.4137521330262,0.15544386746080363,56.15594009695414,17.560859866109208,605.7810039220574,603.4468060779425,604.3778097544879
853104.0,604.4258,604.845,604.21,604.88,604.03,13866,2025-02-11 11:45:00,603.6271019999999,,604.394347167976,0.12158583981101856,48.8305408949946,17.354052481846672,605.7700935325661,603.410716467434,604.3406954819955
1637550.0,603.863,604.18,603.345,604.21,603.1,21071,2025-02-11 12:00:00,603.650002,,604.2944093424544,0.02467045245225563,40.828386701516166,18.262387472877535,605.8097357958762,603.2245742041238,604.2305680601427
939089.0,604.0505,603.34,604.32,604.42,603.23,15259,2025-02-11 12:15:00,603.693202,,604.2968465479349,0.02623622643102408,50.64609440907657,18.715129766148625,605.7517627162558,603.2093472837441,604.1833420990015
411815.0,604.1174,604.34,603.94,604.43,603.83,9534,2025-02-11 12:30:00,603.702,,604.2628611624174,-0.0031494062230876807,47.348717643122285,19.116380744741573,605.6536990989123,603.1754109010878,604.1208211634046
455455.0,604.0897,603.94,603.7599,604.0499,603.6,9058,2025-02-11 12:45:00,603.710912,,604.21496009933,-0.04050339868751962,45.82589824867417,19.76248175512961,605.5597988984871,603.126301101513,603.9572102120185
500466.0,603.723,603.75,603.82,604.0399,603.5,10866,2025-02-11 13:00:00,603.740512,,604.1773448517748,-0.06451346801213731,46.44489235933121,20.481202983537322,605.483631432585,603.0854685674152,604.0570182227717
416110.0,603.9469,603.835,603.9692,604.19,603.78,10087,2025-02-11 13:15:00,603.795196,,604.1575215325582,-0.07068758536888708,48.032366901675275,20.814143974241706,605.4048990189359,603.068120981064,604.096518706269
718939.0,604.8715,603.98,605.0725,605.29,603.95,14329,2025-02-11 13:30:00,603.877846,,604.2446623389812,0.013293235338665,57.95689995563022,19.51208696442527,605.3830065155174,603.0792734844828,604.220144104968
473731.0,604.8774,605.07,604.59,605.3,604.55,9331,2025-02-11 13:45:00,603.95786,,604.2775516400307,0.04044865628804928,53.17426711965508,18.318095137489784,605.3407880647608,603.0914919352392,604.2792256652488
1167383.0,604.6332,604.56,604.46,604.85,604.39,11206,2025-02-11 14:00:00,604.01846,,604.2949276743134,0.050892947273609934,51.9308466437516,17.073935779605577,605.2791875436711,603.1080924563288,604.3085528198347
432385.0,604.6565,604.47,604.7216,604.8,604.42,9054,2025-02-11 14:15:00,604.090492,,604.3355631339026,0.07936419579766607,54.24927435617206,15.918644947284525,605.268638279876,603.1118017201242,604.2643725825737
935971.0,605.2216,604.72,605.64,605.86,604.71,12442,2025-02-11 14:30:00,604.1954920000001,,604.459795216388,0.17402897232443593,61.30526205449247,16.277382745111748,605.4928609293536,603.1075790706464,604.3433813388399
628996.0,605.5187,605.64,605.41,605.65,605.365,11442,2025-02-11 14:45:00,604.295692,,604.5502909100653,0.2278657177819241,58.85710449145172,16.610496414522743,605.6030466540117,603.2053933459883,604.38808128233
975047.0,605.4579,605.41,605.51,605.65,605.3,11441,2025-02-11 15:00:00,604.392092,,604.6416917757733,0.27542595176953455,59.61227982873258,16.78884790199412,605.6932928091077,603.3361471908923,604.4711935492475
1280603.0,605.0802,605.525,605.27,605.525,605.04,11751,2025-02-11 15:15:00,604.4818919999999,,604.7015306542711,0.29040418692488856,56.91233271487286,16.43290365591563,605.7806684726085,603.3607715273916,604.5729939318549
1415890.0,605.0728,605.28,604.94,605.58,604.66,16581,2025-02-11 15:30:00,604.5186,,604.724242020531,0.27250503569996454,53.33530974438818,15.39960936844078,605.8133456910903,603.3740943089099,604.7926784414417
3790852.0,605.0034,604.94,605.21,605.335,604.61,30360,2025-02-11 15:45:00,604.553,,604.7705046852424,0.27691447521658574,55.78397568401161,14.350420205400466,605.8672603272587,603.3705596727414,604.9202598934443
8735349.0,599.5359,599.2,600.57,600.7586,598.51,30088,2025-02-12 09:30:00,604.4766,,604.3704566199812,-0.0929290063611461,28.30041953076976,17.720624668945646,606.5658812001712,602.2509387998288,602.9547252228639
1757567.0,601.1422,600.58,601.355,601.68,600.47,23923,2025-02-12 09:45:00,604.4091,,604.0832702752211,-0.3190123152171509,34.20629351444508,19.796065603093687,606.7788490862763,601.715470913724,602.802926522637
2544006.0,600.5037,601.36,599.795,601.44,599.58,26643,2025-02-12 10:00:00,604.3088,,603.6748635823429,-0.6169520892187847,29.0800188670851,22.053170762792693,607.1659529534343,600.8248670465657,602.5286457100747
1908981.0,601.2353,599.8,601.444,602.36,599.75,23199,2025-02-12 10:15:00,604.240304,,603.4624003840246,-0.7118057344994213,39.415650903426425,23.19639097388266,607.2139781659507,600.5002418340493,602.4102313764619
1487179.0,602.3868,601.44,602.4701,603.32,601.41,20786,2025-02-12 10:30:00,604.196506,,603.3678955855461,-0.6961553912351519,44.80596743658989,23.369651466528854,607.218246407784,600.4084835922159,602.3480428511054
553500.0,602.2232,602.51,602.43,602.59,601.76,12895,2025-02-12 10:45:00,604.158906,,603.2785721964465,-0.6791591919113671,44.63881763183589,23.53053620970032,607.166893471616,600.270836528384,602.3039844363694
976936.0,601.5199,602.45,600.995,602.48,600.72,14753,2025-02-12 11:00:00,604.0944059999999,,603.0610891301183,-0.7725763099123242,39.027860275647456,24.220073050336385,607.2152777260321,599.927952273968,602.175400902578
930551.0,601.2999,600.98,600.6599,601.14,600.17,13168,2025-02-12 11:15:00,604.019104,,602.8324044510593,-0.8636936951276084,37.831972355310604,25.121581306918806,607.2726109363407,599.560619063659,602.0865064687738
847760.0,601.2356,600.63,602.12,602.2,600.6,12536,2025-02-12 11:30:00,603.991704,,602.7645564081013,-0.8087640830299279,45.647025099022464,24.961576145826204,607.2230803873673,599.4401496126326,601.9613687931246
1079505.0,602.6626,602.09,603.39,603.54,601.81,15439,2025-02-12 11:45:00,603.986932,,602.8241224644726,-0.6552008361381922,51.372984248960016,23.742658200625467,607.1833156357524,599.4219943642476,601.9195634986729
1747147.0,603.3956,603.41,603.68,603.96,602.84,21627,2025-02-12 12:00:00,603.976906,,602.9056346107133,-0.5042871716374293,52.60091491427856,22.306117942173394,607.0333120937897,599.4327479062102,601.8944915562224
595796.0,603.7807,603.66,603.79,603.99,603.55,10482,2025-02-12 12:15:00,603.960906,,602.9898598858834,-0.37152817897572277,53.084851761837506,20.949745011734105,606.9519545260285,599.4341054739715,601.7812786494462
543399.0,603.4669,603.78,603.22,603.89,603.09,9728,2025-02-12 12:30:00,603.9277060000001,,603.0117779919898,-0.3087508692951815,50.22336716648965,20.019517016280336,606.8449552109298,599.4171047890702,601.6444459720801
911807.0,603.9972,603.23,604.39,604.53,603.205,11281,2025-02-12 12:45:00,603.921906,,603.1430372308479,-0.1627145056503423,55.52306756833221,18.641739576705444,606.8026961135314,599.4262038864684,601.2085933274635
610459.0,604.109,604.4,604.04,604.55,603.7,9387,2025-02-12 13:00:00,603.9065059999999,,603.2284622564814,-0.07436448278735952,53.68178837517858,17.34626639427377,606.5661928267048,599.5027071732952,601.9840290507482
493031.0,603.614,604.03,603.57,604.11,603.12,8715,2025-02-12 13:15:00,603.8768660000001,,603.260989660626,-0.041789798404238354,51.225135440098164,16.607760356975657,606.3141063576351,599.570793642365,602.1304739161908
583323.0,603.4567,603.5899,602.98,603.7599,602.92,10214,2025-02-12 13:30:00,603.831266,,603.2342287405663,-0.06285761208243912,48.24065418422592,16.0793831235361,605.9759938278578,599.6559061721421,602.534738878149
510645.0,603.2596,602.97,603.21,603.52,602.95,8874,2025-02-12 13:45:00,603.7916660000001,602.467757,603.2319212414648,-0.06029982949883106,49.47643162901635,15.588747121056512,605.674372596318,599.751527403682,602.7816079106561
883076.0,602.9639,603.22,602.7,603.26,602.53,11106,2025-02-12 14:00:00,603.745866,602.5143069999999,603.1812620756109,-0.09829245192486269,46.80775285661261,15.486954674729953,605.38086564512,599.8210343548798,602.8357667028226
805988.0,603.2335,602.7,603.08,603.31,602.585,11054,2025-02-12 14:15:00,603.708866,602.5695264999999,603.1716180684099,-0.09662521933057633,49.01445200235291,15.33579276009351,605.0177477220265,599.9711522779734,602.8743398475079
502869.0,603.3907,603.06,603.55,603.62,603.06,9688,2025-02-12 14:30:00,603.6762679999999,602.6319265,603.2076544428471,-0.0567249633739948,51.68427362977868,14.836516849098512,605.0435256225552,600.2433743774449,603.0292765272452
1379247.0,603.9477,603.545,603.9,604.23,603.5,15306,2025-02-12 14:45:00,603.656468,602.6695265000001,603.273592114957,0.0031025871717247355,53.63148549765863,13.845082527931224,605.153839870839,600.3875601291609,603.323048106177
967565.0,603.8536,603.9,603.73,604.05,603.65,11395,2025-02-12 15:00:00,603.632868,602.6975265,603.3170595325802,0.03637941352883445,52.524224745670075,12.92446494399017,604.9517903422752,600.9831096577248,603.4864717191628
1297254.0,603.9244,603.73,603.32,603.8,603.31,12506,2025-02-12 15:15:00,603.603468,602.7247265,603.3173395770964,0.029329868212926158,49.85106951680702,12.31215310443199,604.9221882456117,601.2003117543883,603.5376892892563
1308742.0,603.6112,603.325,602.7699,603.59,602.68,13440,2025-02-12 15:30:00,603.590066,602.747626,603.2652024745158,-0.020410144421589393,46.436276476069324,12.392362937134621,604.9226629346443,601.2298170653559,603.484254445802
3276963.0,603.3494,602.77,603.36,603.57,602.57,32450,2025-02-12 15:45:00,603.5906659999999,602.775076,603.2742308102762,-0.012074141278731076,50.36412090746308,12.57531550448849,604.9484473625255,601.2970326374746,603.397931462559
1843653.0,604.2458,604.48,604.44,605.0543,603.2,22859,2025-02-13 09:30:00,603.613466,602.803476,603.3852564473927,0.08074835852028173,56.6321907513926,12.276948064245412,604.924746547334,601.6652334526659,603.4978080112885
1298109.0,604.4436,604.45,604.83,605.06,603.88,17320,2025-02-13 09:45:00,603.627066,602.8409265,603.5228510714506,0.18366344117168865,58.66225786482293,12.00538480465362,604.7543828214599,602.2526071785402,603.556300147999
1826626.0,605.1884,604.82,605.29,605.77,604.21,22296,2025-02-13 10:00:00,603.643266,602.8811764999999,603.6911509694077,0.298897042210001,60.98223249806292,12.414844407647475,604.9733834557504,602.3506065442497,603.7018860096309
1427159.0,605.7982,605.285,606.08,606.4199,605.28,20314,2025-02-13 10:15:00,603.6707419999999,602.9245765,603.9186604008926,0.448793486986915,64.6513625504638,13.328080437841464,605.4703922674196,602.1225977325805,603.8819575685218
1511749.0,606.4982,606.0849,607.25,607.49,606.0,19069,2025-02-13 10:30:00,603.720142,602.9782765,604.2359308389028,0.6544525991398586,69.26161944464263,14.916425198870854,606.2237965034399,601.7261934965602,604.1457010626226
825499.0,607.0422,607.245,607.09,607.32,606.6601,14350,2025-02-13 10:45:00,603.7703419999999,603.0268265,604.5077469494835,0.7953598511213613,67.956346682696,16.39131676268386,606.7633544496126,601.5166355503874,604.2942202380705
621285.0,607.2183,607.09,607.38,607.48,606.94,10884,2025-02-13 11:00:00,603.821342,603.0759265,604.7812948590565,0.9198272439716675,69.09325287263948,17.86885448502824,607.2872478169367,601.4087421830633,604.4604089141641
605160.0,607.08,607.37,606.69,607.3899,606.61,10858,2025-02-13 11:15:00,603.870942,603.1204015,604.9630763010512,0.9518193353046627,63.33534729005053,18.755831620045747,607.5747391607352,601.3512508392649,604.6026147380877
647155.0,606.6436,606.7,606.66,606.96,606.38,10318,2025-02-13 11:30:00,603.9372420000001,603.1645265,605.1246880819034,0.9636442577416346,63.08917419287515,19.245841795059818,607.8411305010021,601.3468594989978,604.705368690594
741589.0,606.2541,606.65,606.1,606.8799,605.75,10427,2025-02-13 11:45:00,603.972842,603.2008515,605.217574931246,0.9172547324972129,58.51694947606995,18.842770750376296,607.9952128537803,601.4457771462197,604.8308458847798
562174.0,606.2941,606.1,606.227,606.695,605.72,9608,2025-02-13 12:00:00,604.018582,603.2337915,605.3137106520796,0.8805876716077137,59.23842900896889,18.428888864676846,608.118025648104,601.6476643518962,604.9300588574184
364311.0,606.3711,606.21,606.54,606.64,606.1209,7117,2025-02-13 12:15:00,604.0741840000001,603.2690915,605.4305001137863,0.8667933911773389,61.0370135939635,18.04456997081307,608.2657180016689,601.8329719983311,605.0743745420558
300162.0,606.4866,606.54,606.51,606.63,606.25,6817,2025-02-13 12:30:00,604.127984,603.3020915,605.533309626759,0.8437147567528882,60.76028035720455,17.68770242651099,608.325734256902,602.1539557430981,605.270842321071
608114.0,606.5134,606.5,606.1829,606.97,605.795,8963,2025-02-13 12:45:00,604.172258,603.334606,605.5951753765914,0.789924775289137,57.68909690243782,16.672993200424433,608.3397000168882,602.4502799831118,605.8421088146032
473688.0,606.0457,606.17,606.23,606.33,605.8,7983,2025-02-13 13:00:00,604.195408,603.370706,605.6556348645352,0.7425369006347182,58.01815498126164,15.730763204772627,608.3676769858371,602.690303014163,606.1046346893676
832408.0,605.7107,606.23,606.2,606.44,604.99,12433,2025-02-13 13:15:00,604.2276079999999,603.408956,605.7074791631509,0.6945545270378943,57.71029122811447,15.457800611756028,608.3943668839124,602.8936131160876,606.2611858613599
1323938.0,606.1972,606.2,606.34,606.87,605.31,17926,2025-02-13 13:30:00,604.265208,603.449306,605.7677192428508,0.6602144391539468,58.80876803389847,14.577910331721526,608.3937773923186,603.1552026076814,606.4477345799502
1066160.0,606.5439,606.28,607.19,607.25,605.82,15401,2025-02-13 13:45:00,604.314576,603.497006,605.9031745530555,0.6935922684282332,64.78890700526291,13.823706803515948,608.3983658811256,603.5376141188743,606.5497541839989
2151152.0,607.0434,607.19,608.03,608.19,607.03,21168,2025-02-13 14:00:00,604.362376,603.546056,606.1057293575263,0.7788473509830283,69.50121884835339,14.193164273575212,608.3369060906815,604.1250839093185,606.7324664224385
1252423.0,608.2126,608.02,608.28,608.41,607.9699,14123,2025-02-13 14:15:00,604.419776,603.592481,606.3128027520477,0.8567099102383509,70.75563633167837,14.755182099093977,608.3165491203926,604.6374408796074,606.8729756121138
1364251.0,608.5966,608.28,608.535,608.91,608.1422,16147,2025-02-13 14:30:00,604.4802759999999,603.632906,606.524440585186,0.9282921442960514,72.01977766330592,15.74896153696339,608.4799319485268,604.8835580514734,607.0368722327819
1444892.0,608.906,608.549,608.9,609.29,608.41,16767,2025-02-13 14:45:00,604.5528760000001,603.674806,606.7506843389779,1.0029130724690276,73.7677190953824,17.00231887946869,608.7199565418643,605.0505334581358,607.2446574646667
1255403.0,609.159,608.895,609.29,609.37,608.82,15499,2025-02-13 15:00:00,604.639876,603.716312,606.9925239257419,1.0810586649411107,75.52694014889084,18.235217745277357,609.0483482682588,605.1221417317412,607.4468730342745
1856569.0,609.0397,609.29,609.5799,609.71,609.16,17668,2025-02-13 15:15:00,604.7272740000001,603.7625615000001,607.2389406947188,1.1530900132888746,76.77383589000526,19.67220141673144,609.445151589412,605.0753284105879,607.7614553831556
2279735.0,608.9874,609.57,609.12,609.58,609.11,18967,2025-02-13 15:30:00,604.898274,603.8015614999999,607.4180891999838,1.1596970239511393,70.62620716953484,20.910116149828696,609.6841026613783,605.0233773386217,608.021454634034
5895236.0,609.0659,609.13,609.69,609.94,609.09,40310,2025-02-13 15:45:00,605.064974,603.8401115,607.6344616571282,1.197127621775394,73.46249681578729,22.376108534307697,610.021593528781,604.9458864712191,608.4615149983896
1696441.0,610.1484,609.94,610.35,610.49,609.76,22934,2025-02-14 09:30:00,605.276074,603.8841115,607.8930843564493,1.2654606813609917,76.31436441137191,24.171284830657957,610.459505182742,604.8049748172581,608.6125342971832
1205595.0,610.4493,610.38,610.465,610.64,610.29,15367,2025-02-14 09:45:00,605.456494,603.9295865,608.1380287034541,1.3137505635849038,76.78255461261715,25.94907786854407,610.8670144193937,604.7749655806061,608.7631656664202
1019546.0,610.6453,610.48,610.68,610.99,610.02,15976,2025-02-14 10:00:00,605.6206920000001,603.9754385,608.380121207887,1.3537639976511855,77.67119896208725,27.851490652990005,611.2595614422297,604.7844185577702,608.8884465075098
718957.0,610.4315,610.66,610.24,610.78,610.1425,17844,2025-02-14 10:15:00,605.776892,604.0278385,608.5572525214216,1.3345863292113336,71.62891894804861,29.61801680997551,611.4779248106017,604.9800551893982,609.0345835269443
773560.0,610.0512,610.24,610.05,610.4,609.73,12778,2025-02-14 10:30:00,605.957992,604.0759385,608.6994189479528,1.2891954342318286,69.12810658250277,30.317185166136454,611.6249873919267,605.2152926080735,609.2256324973214
573708.0,610.4342,610.08,610.51,610.665,610.07,11060,2025-02-14 10:45:00,606.154994,604.1235385,608.871855238624,1.2756362380600876,71.70388466009044,31.210417500381386,611.8248769665289,605.4124030334709,609.3669085228131
741117.0,610.6008,610.53,610.445,610.85,610.26,12086,2025-02-14 11:00:00,606.321494,604.1723885,609.0216785492313,1.245290585924863,70.80490732310588,32.20591292287569,611.9622867055713,605.6684932944287,609.5631068989543
1822048.0,609.7556,610.45,609.99,610.49,609.4,13439,2025-02-14 11:15:00,606.453494,604.2166884999999,609.1138996397807,1.171027860338313,64.69082256006945,31.37679975213567,611.9464863660222,606.0650036339779,609.6693166326917
677100.0,609.8629,610.01,610.08,610.12,609.61,9698,2025-02-14 11:30:00,606.581494,604.2622385,609.2059091978969,1.10667925356438,65.32857998276496,30.60690895073422,611.8795856127966,606.5169043872035,609.7483975625155
809227.0,609.9194,610.05,610.23,610.295,609.5,11010,2025-02-14 11:45:00,606.710294,604.3097635,609.30344165524,1.055617761036956,66.41730183679479,30.10970007597462,611.7325946612149,607.066895338785,609.8180062717759
826987.0,609.9081,610.22,609.61,610.245,609.3,10378,2025-02-14 12:00:00,606.838094,604.349463,609.3326376880743,0.9541237966802782,58.272276985149716,29.249606811685958,611.426492724225,607.6999972757751,609.8535939926568
451170.0,609.6101,609.605,609.3201,609.76,609.27,7583,2025-02-14 12:15:00,606.936696,604.3867635,609.3314436225435,0.8406066018518459,54.88312366935407,28.38993963048343,611.1901724261462,608.1493275738536,609.8795247680567
436339.0,609.3347,609.35,609.25,609.58,609.07,8030,2025-02-14 12:30:00,607.0408960000001,604.4229635,609.3236870870631,0.7364970434894076,54.06429273933906,27.178301311090802,611.0702582507876,608.3912417492123,609.9439370586758
398830.0,609.7583,609.28,609.92,610.04,609.2,8492,2025-02-14 12:45:00,607.1678959999999,604.4651635,609.3804787930571,0.6999838904305307,60.17940740126331,26.74260960777178,610.976199334491,608.6493006655089,610.1163959738559
411738.0,609.9201,609.92,609.91,610.09,609.76,7454,2025-02-14 13:00:00,607.3064959999999,604.505501,609.4309093841946,0.6626019740405127,60.050913151299774,26.409038608055614,610.8865226882648,608.8764773117351,610.0959013500956
196316.0,609.8798,609.91,609.9299,610.06,609.7,7042,2025-02-14 13:15:00,607.440894,604.5497255,609.4784322999857,0.6273505925493055,60.23288225745116,25.95964594817762,610.8314735616956,609.0345164383044,610.0467869622853
517258.0,610.3011,609.93,610.465,610.545,609.88,10109,2025-02-14 13:30:00,607.596194,604.5940505,609.5723911285585,0.6352687342009631,64.86705217561513,26.240521383158164,610.8677443298093,609.1157456701908,610.0043050904418
382400.0,610.6211,610.47,610.48,610.7507,610.47,7555,2025-02-14 13:45:00,607.744194,604.6376505000001,609.6588300686958,0.6354294578972031,64.99021461400342,26.76638971420892,610.9159703102328,609.1575296897672,609.997611175899
679353.0,610.5112,610.4899,610.7054,610.72,610.37,9288,2025-02-14 14:00:00,607.8873020000001,604.6867275,609.7585033954867,0.6462946464581591,66.86968951246814,26.997382144816584,610.934082268,609.2979577320001,610.0379460009092
480668.0,610.4021,610.702,610.13,610.72,610.06,9030,2025-02-14 14:15:00,608.011902,604.7367775,609.7938840244881,0.6015412227214938,58.269828189285114,26.445033590888528,610.9323941903696,609.3436458096306,610.027895020239
482071.0,610.1034,610.15,610.19,610.3,609.89,8625,2025-02-14 14:30:00,608.141102,604.7879775,609.8316093554893,0.5644091531531785,58.86391670384643,25.53598474560022,610.9188974520325,609.3411425479676,609.9910453392413
712968.0,610.1003,610.195,610.22,610.3024,609.83,9641,2025-02-14 14:45:00,608.2791020000001,604.8359275,609.8685989406807,0.5312782251079398,59.17685744355009,24.55078944103437,610.8929502011954,609.3425897988047,610.0107038898124
565129.0,609.9317,610.21,610.06,610.21,609.79,9685,2025-02-14 15:00:00,608.424904,604.8823775,609.8868276129967,0.48650295982906755,56.6994282172088,23.537663063801546,610.8178700645093,609.3556699354907,610.0182386768129
670334.0,609.9066,610.08,609.67,610.2448,609.59,9378,2025-02-14 15:15:00,608.551104,604.9278025,609.8661773641398,0.41476731939883393,51.08538983133174,22.106616869758714,610.8074708170883,609.3090691829117,610.0023114548525
1577432.0,609.8404,609.66,609.7275,610.15,609.55,16335,2025-02-14 15:30:00,608.656854,604.9715905,609.8529699961265,0.3584243837980239,51.842481933553216,20.680064773521714,610.8051193651171,609.2791706348829,609.9935414847297
3951152.0,609.9619,609.735,609.7,610.29,609.545,33730,2025-02-14 15:45:00,608.754254,605.0137405,609.8384014250669,0.30800271762859666,51.43246949816045,19.687159036640946,610.7467650318246,609.2565249681755,609.9637303026025
1692556.0,610.6796,610.88,610.1801,611.0,610.1,33679,2025-02-18 09:30:00,608.8520560000001,605.055441,609.8709441464891,0.30328713624101056,57.71936750479033,20.135794589350905,610.7105901743489,609.266209825651,610.0481143454494
1125375.0,610.3277,610.185,610.11,610.63,609.95,18368,2025-02-18 09:45:00,608.9326560000001,605.092741,609.893711370633,0.2905443059657955,56.56795259510819,20.149847929413742,610.7185349652696,609.2702650347303,610.0730721477802
1062155.0,609.8186,610.1538,610.14,610.3099,609.33,18096,2025-02-18 10:00:00,608.990456,605.1289409999999,609.9171674305727,0.2796427232036649,56.9636233082589,18.735504602659294,610.7234233108696,609.2713766891303,610.0665085434626
938574.0,609.7407,610.15,609.63,610.2,609.42,12955,2025-02-18 10:15:00,609.0412560000001,605.1646410000001,609.8898181514705,0.2272310247636824,48.82100747855949,17.422185799244453,610.7020331383258,609.2327668616742,610.0487347405339
982912.0,609.9359,609.64,610.18,610.23,609.4,11570,2025-02-18 10:30:00,609.097256,605.202691,609.9174545179972,0.22745284479196926,56.10772059301295,16.268397702181556,610.7169614730562,609.2748385269438,610.0331563182525
687872.0,610.2369,610.17,610.61,610.62,609.69,13239,2025-02-18 10:45:00,609.1756559999999,605.242391,609.9834112305689,0.2593365745033225,60.806107575751135,16.00428615258928,610.7585166669219,609.3622733330783,610.0321335792734
470418.0,610.5514,610.605,610.4,610.74,610.32,10350,2025-02-18 11:00:00,609.250456,605.280841,610.0230863514671,0.2646091653083431,57.565273868959174,15.987258560021647,610.7227645411618,609.5130254588383,610.0210346313505
545911.0,610.218,610.4028,610.41,610.52,609.76,9798,2025-02-18 11:15:00,609.336656,605.320061,610.059935270375,0.2665223442547813,57.680941257866,15.00221615004919,610.7528855747227,609.5319044252775,610.0196369167564
387012.0,610.2372,610.4,610.25,610.43,610.06,8720,2025-02-18 11:30:00,609.4171160000001,605.3558109999999,610.0780366731965,0.2522204491925777,55.09336308963846,14.087533912217623,610.7619371328215,609.5568528671786,610.0219965635316
586561.0,610.5829,610.24,610.25,610.855,610.18,21546,2025-02-18 11:45:00,609.491316,605.392411,610.0944141328921,0.23814095364025434,55.09336308963846,13.801519336162682,610.7696563789517,609.5811436210482,610.0331669226201
430033.0,610.1078,610.24,610.2,610.32,609.78,8418,2025-02-18 12:00:00,609.5651160000001,605.426061,610.1044699297596,0.22040754882129932,54.2119578658863,12.949145454561519,610.7416202700957,609.582679729904,610.035561728506
344491.0,609.9466,610.19,610.035,610.19,609.78,7566,2025-02-18 12:15:00,609.642158,605.459886,610.097853745973,0.19083969548660207,51.29550940288432,12.157655421646153,610.7027794221901,609.5770205778099,610.0438696515952
311376.0,610.2295,610.0402,610.2,610.39,610.0402,7036,2025-02-18 12:30:00,609.721558,605.495061,610.1075819606423,0.17866158024730794,53.96269820816856,11.58676519423864,610.6156722181065,609.6135877818933,610.0750893419805
567416.0,610.2473,610.19,610.35,610.545,610.11,8045,2025-02-18 12:45:00,609.804558,605.5314615,610.130669392962,0.1790501044301891,56.305336058655314,11.379097866617284,610.6370905207884,609.6141694792116,610.1793655361016
444842.0,610.3727,610.34,610.12,610.6587,609.97,8871,2025-02-18 13:00:00,609.880158,605.5650615,610.1296532602989,0.15896646834073636,51.940919564611754,10.846165664518107,610.6327379751875,609.6115220248124,610.1357638155789
854702.0,609.8948,610.13,609.89,610.16,609.52,9795,2025-02-18 13:15:00,609.9341579999999,605.5958615,610.1068291402704,0.12307226378800351,47.93915366241509,10.76903037961499,610.6237927778269,609.5874672221731,610.0957609206849
474804.0,609.6163,609.88,609.53,609.88,609.4519,11282,2025-02-18 13:30:00,609.964158,605.6283865,610.0518930316732,0.06482954211526248,42.428994618423864,10.832820929148301,610.6549226921433,609.5033373078569,610.0900360917914
751720.0,609.7874,609.52,609.66,609.93,609.47,9698,2025-02-18 13:45:00,609.991758,605.6558365,610.0145698857996,0.028829352290699717,44.89226382282876,10.76172047620003,610.6558585026968,609.5014014973034,610.0920677280603
1449099.0,609.1478,609.655,608.83,609.83,608.41,16938,2025-02-18 14:00:00,609.997658,605.6718365,609.9017537061997,-0.06591529047557287,34.68754485271445,12.445564215758042,610.8162475570418,609.2512624429583,609.9240069066086
882819.0,609.0154,608.83,609.219,609.61,608.38,11590,2025-02-18 14:15:00,610.004038,605.6915819999999,609.8367295437045,-0.10836291326427272,41.40974061262956,14.047657019254656,610.8585086603515,609.1609013396486,609.804324008662
501312.0,609.3568,609.22,609.39,609.57,609.11,8224,2025-02-18 14:30:00,610.006038,605.709882,609.7941838728755,-0.1267436671497535,44.131880216761814,15.535314622501513,610.8563292456105,609.0840707543895,609.7404004266867
1030918.0,609.7409,609.39,609.85,610.04,609.355,11304,2025-02-18 14:45:00,610.01144,605.734432,609.7994996945064,-0.10300501373069437,50.75944951657812,15.665689448469278,610.8423722091923,609.0720277908079,609.7116661914292
797601.0,609.7995,609.87,609.875,609.92,609.64,9576,2025-02-18 15:00:00,610.0265400000001,605.760307,609.8066901997915,-0.08123820534001425,51.09897707172362,15.786751786867919,610.8257072171104,609.0621927828895,609.6981643610906
749685.0,609.7955,609.87,609.78,609.96,609.63,9135,2025-02-18 15:15:00,610.0283400000001,605.786107,609.8041482760018,-0.07083699414670264,49.696655643197225,15.793081230789506,610.8249108119007,609.0779891880993,609.6606867609972
1354979.0,609.8585,609.77,609.7798,610.06,609.64,13356,2025-02-18 15:30:00,610.016936,605.8070565,609.801829392573,-0.06189659228141409,49.69356373507061,15.526249509174482,610.8013698325304,609.0615101674697,609.6640997098389
3761008.0,610.4037,609.76,611.35,611.38,609.63,32816,2025-02-18 15:45:00,610.034636,605.8361565,609.9492742123281,0.07107149000364643,67.03440065364087,16.109100898185826,610.9988164717453,608.9380635282547,609.9587890379281
1460594.0,610.0559,610.08,610.04,610.27,609.75,19929,2025-02-19 09:30:00,610.021836,605.8612565,609.957914763535,0.0699374064379299,51.18284388887201,16.650320045124932,610.9624454513323,608.9384345486676,609.9595291859074
730439.0,610.0082,610.04,609.92,610.23,609.6845,12899,2025-02-19 09:45:00,610.015436,605.8852565000001,609.9543038336744,0.058679222374166784,50.016091827258734,16.993627691201088,610.9157380973544,608.9361419026455,609.9448496458531
1997146.0,609.6692,609.92,609.69,610.235,609.56,12136,2025-02-19 10:00:00,610.008236,605.9096565000001,609.9291320399911,0.03084242035981788,47.76845256432662,17.00369375332156,610.8811464043357,608.9147335956644,609.9229258004518
644690.0,609.9637,609.665,610.06,610.175,609.6002,15632,2025-02-19 10:15:00,609.999236,605.9342565000001,609.94159565523,0.038197149034090216,51.541122229575166,17.013040811004853,610.8614750833997,608.9154049166002,609.9272006303985
1229253.0,610.6528,610.06,610.53,610.89,610.02,16313,2025-02-19 10:30:00,610.000936,605.9604565,609.9976341642557,0.08101698319148909,55.898726933262715,18.155809720180894,610.909237860959,608.9006421390412,609.9747801903413
586579.0,610.3159,610.55,610.14,610.65,609.82,11340,2025-02-19 10:45:00,610.0039360000001,605.9831065,610.011192815279,0.0825309047314704,51.74095776227504,18.69850712269481,610.9182433039113,608.9021366960886,609.9951948783647
1978468.0,610.7736,610.14,611.2328,611.25,610.14,10737,2025-02-19 11:00:00,610.0269920000001,606.0119205,610.1275363566809,0.16995143124006518,60.58716144282916,19.99727524669725,611.1187942087489,608.804865791251,610.1729667908127
777388.0,611.2013,611.1901,611.18,611.26,610.96,9381,2025-02-19 11:15:00,610.045992,606.0399205,610.227770989378,0.2322945624791828,60.01474236232857,21.215369789692602,611.2675806161066,608.7390793838935,610.2707273517458
529283.0,611.3049,611.17,611.6751,611.6751,610.98,9046,2025-02-19 11:30:00,610.0872939999999,606.071296,610.3656118475325,0.31798682128510336,63.497328251377965,22.827967882310684,611.5406694850592,608.6215005149409,610.3319313107951
489813.0,611.6495,611.69,611.7,611.77,611.46,8220,2025-02-19 11:45:00,610.1348919999999,606.1039959999999,610.4926964334818,0.3834871742379846,63.668713648956114,24.428516355264975,611.7885266591283,608.5546433408716,610.4047345416743
486899.0,611.7111,611.66,611.59,611.96,611.4225,8622,2025-02-19 12:00:00,610.181692,606.135946,610.597201535055,0.42165996160304076,62.27761115180016,26.12003011437529,611.9752079120601,608.5739620879397,610.469290295047
822822.0,611.3738,611.58,611.05,611.6,611.01,7762,2025-02-19 12:15:00,610.204292,606.168396,610.640325198383,0.40368525128656074,55.828833988496086,26.534491835553347,612.0521564355739,608.636013564426,610.5361743867161
572175.0,611.1433,611.06,611.28,611.34,610.86,7996,2025-02-19 12:30:00,610.2316920000001,606.207946,610.7012466080608,0.40334967766216323,57.8316928700026,26.532598975664236,612.0710100462463,608.8621599537535,610.6182327775225
540141.0,611.5501,611.27,611.56,611.82,611.19,7524,2025-02-19 12:45:00,610.2642940000001,606.247096,610.7830326453884,0.42082636866689427,60.197795057996686,27.18132003395715,612.1479861514432,609.0192838485567,610.6069761392862
610959.0,611.2286,611.56,610.95,611.59,610.65,8631,2025-02-19 13:00:00,610.273994,606.280846,610.7989342982086,0.381062222090236,53.19495419778408,26.519284312024464,612.1329440379052,609.1903259620949,610.7016863887892
403843.0,611.4648,610.93,611.66,611.7,610.93,7946,2025-02-19 13:15:00,610.297594,606.315321,610.880940555522,0.4022035634095573,59.151362321553464,26.067760149407462,612.2352349780934,609.2690350219065,610.7742655325752
789641.0,611.8543,611.67,611.86,612.04,611.67,10346,2025-02-19 13:30:00,610.320686,606.349521,610.9741843121388,0.430138191925721,60.669723538611535,26.131886547133405,612.3519792506288,609.3507907493713,611.0365370950302
418078.0,611.6772,611.87,611.49,611.92,611.48,8115,2025-02-19 13:45:00,610.347886,606.375271,611.0233096157447,0.41760676763590254,56.48661182901332,25.75106117282661,612.3772095346169,609.496560465383,611.1295260596243
1023279.0,611.787,611.52,612.58,612.588,611.4,12635,2025-02-19 14:00:00,610.395686,606.400521,611.1715658428166,0.4899812156407961,64.29654250191624,26.27598790061757,612.5829892220918,609.5708007779081,611.3172657441792
1108901.0,612.8303,612.59,612.8201,613.08,612.55,13904,2025-02-19 14:15:00,610.447688,606.42557,611.3285690958817,0.5602542878309578,65.75460713594777,27.28749387728509,612.8354944578623,609.4653055421377,611.5367693028827
648252.0,612.7971,612.82,612.835,613.01,612.6203,9225,2025-02-19 14:30:00,610.503188,606.4684950000001,611.4720387057977,0.6101154778623368,65.84781740394858,28.22674942704779,613.04582675895,609.53447324105,611.7692421566517
626321.0,613.0191,612.83,613.11,613.23,612.6616,10109,2025-02-19 14:45:00,610.571988,606.5111300000001,611.6280350195312,0.664164951786006,67.60060623316755,29.32786816032974,613.2572861586106,609.6420138413895,611.9087652683943
981278.0,612.5707,613.08,612.63,613.1,612.4493,12019,2025-02-19 15:00:00,610.630038,606.55193,611.7234602557663,0.6606519760647416,61.652795586920064,29.80692078569798,613.2820235733999,609.9112764266,612.018891852924
1064196.0,612.4801,612.6458,612.0999,612.97,611.8,15033,2025-02-19 15:15:00,610.678036,606.5953795,611.7593116599791,0.6080836677240313,55.812445926989206,28.808491285437793,613.240483392898,610.1568066071021,612.0656820121322
1799616.0,612.3726,612.11,612.33,612.79,612.08,16699,2025-02-19 15:30:00,610.721034,606.6448295,611.8136629304572,0.5783234983092598,57.68619591738901,27.881378178053335,613.2554242028159,610.321865797184,612.1358329629431
3558020.0,612.5971,612.34,612.9,613.06,612.18,33551,2025-02-19 15:45:00,610.7768339999999,606.6993275,611.9171236037471,0.5938866305532429,61.986440338305634,27.422371772634893,613.2603170548217,610.5929729451783,612.3343755533191
1331175.0,611.3182,611.54,610.545,611.684,610.53,19720,2025-02-20 09:30:00,610.784934,606.7417025,611.7864451652949,0.411448781108561,42.6850802944607,26.58157407564809,613.3273350903826,610.4571749096174,612.2531019923933
2462216.0,610.1437,610.545,608.3825,610.65,608.31,27583,2025-02-20 09:45:00,610.7599839999999,606.775621,611.4622599114574,0.09131714657371504,32.63579281201575,27.649543660514944,613.8364647867381,609.6682952132619,611.8171898986743
2763029.0,607.981,608.4,608.43,608.83,607.02,30994,2025-02-20 10:00:00,610.7249840000001,606.805121,611.1734732532234,-0.15674971406258464,33.00886996014373,29.313956448032478,614.1287368236971,609.0515131763028,611.2992939927601
1245378.0,608.9089,608.43,609.11,609.36,608.43,19486,2025-02-20 10:15:00,610.6949840000001,606.842171,610.9769519910117,-0.295072756281229,38.27878818409144,30.14212385308369,614.2183883131609,608.7028616868392,611.150056859197
813553.0,608.9002,609.1,608.51,609.52,608.34,15006,2025-02-20 10:30:00,610.657184,606.873721,610.742004182344,-0.44794610552628455,35.616444283389825,30.69804244469129,614.3477242241978,608.2655257758021,611.0251784159957
1076555.0,607.7311,608.5,607.35,608.6,607.08,17326,2025-02-20 10:45:00,610.595984,606.899671,610.4189561649779,-0.6551494862109166,31.111237934799277,31.889197696049376,614.618650806513,607.624599193487,610.8370132062279
1182431.0,608.4246,607.35,608.1706,608.45,607.23,17360,2025-02-20 11:00:00,610.554396,606.9230235,610.2048270064086,-0.744561257559667,37.16625382749913,32.99527042945332,614.6902923484096,607.2420176515906,610.6048232562447
717194.0,607.9151,608.18,608.26,608.33,607.51,13691,2025-02-20 11:15:00,610.514596,606.9477519999999,610.0196053867506,-0.798996562661273,37.807603516328165,34.02233796761412,614.6940232985453,606.9082867014545,610.3928264083747
1015680.0,608.3475,608.255,607.99,608.42,607.1,13175,2025-02-20 11:30:00,610.4703959999999,606.976002,609.8263096356316,-0.8540783935794707,36.592793325183955,35.19504557191708,614.7327254565336,606.5735845434666,610.1907196069496
1101368.0,607.7097,607.99,607.46,608.04,607.44,10935,2025-02-20 11:45:00,610.418896,607.007127,609.6009468131905,-0.9297797893862025,34.265339344658614,36.28398834734126,614.7213550315346,606.1649549684655,609.9746410240539
916208.0,608.8706,607.45,608.615,608.65,607.28,12479,2025-02-20 12:00:00,610.387196,607.0455019999999,609.5070471166962,-0.8863574665638225,42.803183019172934,36.31356586592715,614.577954621522,605.9838553784779,609.7682890820295
793245.0,608.5951,608.61,608.79,608.9399,608.49,10336,2025-02-20 12:15:00,610.355996,607.0865054999999,609.4387569151061,-0.8282760744201596,43.99020431281814,35.90493159974499,614.45216937296,605.8396406270401,609.599857876196
538498.0,608.8734,608.78,609.05,609.0999,608.61,9568,2025-02-20 12:30:00,610.334596,607.1246054999999,609.4017324470008,-0.7525909258812362,45.790252037196154,35.28426207049479,614.1496611775357,605.7891488224644,609.3228696481907
423931.0,608.4853,608.99,608.03,609.03,608.025,8733,2025-02-20 12:45:00,610.297396,607.1591555,609.2710912615721,-0.7660844314318638,40.316175498989224,35.1883754229444,613.776139869796,605.6836601302041,608.5615466706402
763470.0,608.0858,608.03,608.46,608.48,607.77,11181,2025-02-20 13:00:00,610.275996,607.1995055,609.1938444747557,-0.7336239650520611,43.38869041639106,35.29552077351844,613.3288522977084,605.6934477022917,608.347345773444
1411800.0,608.4164,608.455,607.96,608.49,607.64,8861,2025-02-20 13:15:00,610.241996,607.2373055,609.0763354771599,-0.7397176285431897,40.7610328503895,35.49593903291399,612.7465706738673,605.7607293261327,608.1890980000303
455499.0,608.2856,607.94,608.6,608.6,607.82,9619,2025-02-20 13:30:00,610.237396,607.2768555,609.0309701936209,-0.685007904742065,45.32532164278013,35.48543018493017,612.1895995428501,605.91470045715,608.2158616569101
1502634.0,608.5231,608.59,608.6,608.76,608.15,8138,2025-02-20 13:45:00,610.225016,607.3159555000001,608.9899254132761,-0.6343378031344855,45.32532164278014,35.18297008827584,611.6886009884249,606.0657090115749,608.1762873401617
726070.0,608.9286,608.6,609.25,609.43,608.5,10099,2025-02-20 14:00:00,610.222216,607.3466825,609.0146944215355,-0.5355582328934361,49.87444372794989,33.775874210479714,611.0582651699558,606.388044830044,608.1875629185614
921136.0,609.7694,609.25,609.17,609.49,609.07,9970,2025-02-20 14:15:00,610.208616,607.3750825,609.0294854290083,-0.45844537036396105,49.33042044604498,32.37481226644593,609.9020625456919,607.1712474543081,608.3096654148667
653682.0,608.951,609.16,609.16,609.24,608.72,9195,2025-02-20 14:30:00,610.194316,607.3989325,609.0419153881503,-0.39360258211024757,49.258091572838836,31.485354208833364,609.5238979653494,607.4109120346506,608.385244833358
1496697.0,610.2463,609.1,609.86,610.1,609.09,12068,2025-02-20 14:45:00,610.195916,607.4245824999999,609.1198282083265,-0.2824738724286817,54.30837979283471,29.36752513184413,609.7581488172242,607.3244111827759,608.557827233653
883361.0,610.2052,609.865,609.61,609.96,609.44,10137,2025-02-20 15:00:00,610.1925200000001,607.4485824999999,609.1665112361048,-0.21213116401804655,52.306084040352,27.400969560354127,609.9013570762457,607.2992029237543,608.6940659565206
1023220.0,610.5562,609.6199,609.84,610.0987,609.26,10797,2025-02-20 15:15:00,610.16232,607.4734385,609.2306530231425,-0.13625432792389347,53.9868821553466,25.822516762242564,610.0306561775467,607.2429038224534,608.8712542145055
1103959.0,610.4911,609.84,609.9201,609.99,609.4625,11907,2025-02-20 15:30:00,610.159922,607.499739,609.2963146399861,-0.06886416485394875,54.587116732541,24.356810592567538,610.2070097710936,607.2075602289066,609.0009694124763
4249347.0,610.3901,609.92,610.39,610.7,609.72,35128,2025-02-20 15:45:00,610.169322,607.5301390000001,609.4004751504636,0.022204073048214923,58.04478196126379,23.284466756918125,610.3937620539277,607.3248079460723,609.3476223599539
