Date,Close,High,Low,Open,Volume,SMA_50,SMA_200,EMA_20,MACD,RSI,ADX,Bollinger_High,Bollinger_Low,VWAP
2024-01-02,466.6639709472656,467.6710721237043,464.5313233237868,466.1801863467121,123623700,,,,,,0.0,,,
2024-01-03,462.85284423828125,465.2224425251352,462.2407012783773,464.47205818405195,103585900,,,,,,0.0,,,
2024-01-04,461.36199951171875,464.9953858828928,461.13490156436546,462.36907058699904,84232200,,,,,,0.0,,,
2024-01-05,461.9938659667969,464.4819396400977,460.5227161381694,461.5692889624919,86060800,,,,,,0.0,,,
2024-01-08,468.5892639160156,468.737358160941,462.36903444945153,462.497392838746,74879100,,,,,,0.0,,,
2024-01-09,467.8783874511719,468.9150773101143,465.3804307175815,465.8938341503119,65931400,,,,,,0.0,,,
2024-01-10,470.5244445800781,471.4031873412615,467.8685105714623,468.15484620647555,67310600,,,,,,0.0,,,
2024-01-11,470.3171081542969,472.0646805353375,466.27891097711375,471.54139410726924,77940700,,,,,,0.0,,,
2024-01-12,470.6429138183594,472.5386105710735,469.2112959241893,471.788226212342,57944000,,,,,,0.0,,,
2024-01-16,468.9150695800781,470.57378537947335,467.0687576940883,469.24090704882764,85014900,,,,,,0.0,,,
2024-01-17,466.30853271484375,466.8022002964971,463.9191683619671,465.84448398284644,68843900,,,,,,0.0,,,
2024-01-18,470.455322265625,471.018110540101,466.43689105106813,468.00675034480804,91856200,,,,,,0.0,,,
2024-01-19,476.3200988769531,476.6064345129822,470.50471039326055,471.6006379691473,110733300,,,,,,0.0,,,
2024-01-22,477.32720947265625,479.07478191108953,476.66568163793835,477.8801147683553,75844900,,,,,71.70128314920407,0.0,,,468.0977887380515
2024-01-23,478.71929931640625,478.96613310027135,476.77427802538335,477.8800885561266,49945300,,,,,73.53488577178766,0.0,,,468.75758541959266
2024-01-24,479.24261474609375,482.57978218606036,478.7390641862389,481.63194889493104,81765000,,,,,74.21135486936089,0.0,,,470.13521769386125
2024-01-25,481.84918212890625,482.1256347714462,479.24263294654105,481.4048692496808,72525000,,,,,77.32085743909471,0.0,,,471.4820951853969
2024-01-26,481.2370300292969,482.9253647024353,480.3780532680699,481.41474312518983,76641600,,,,,75.03268908079983,0.0,,,472.95414326876534
2024-01-29,485.0481262207031,485.19625059743225,481.0000762278625,481.5529814990137,61322800,,,,,79.16632680534205,0.0,,,474.0467978042639
2024-01-30,484.6729736328125,485.3937090194068,483.90282327824093,484.3471361549433,58618400,,,472.54601287841797,,77.8008395670189,0.0,487.08611040785604,458.0059153489799,475.0703658008029
2024-01-31,476.764404296875,482.88586417703925,476.74463830989237,482.4316984426035,126011100,,,472.94776444208054,,55.90822908499522,0.0,487.439694330707,458.6623747610899,475.8152236762386
2024-02-01,483.00439453125,483.03401338216867,477.67276031725817,478.49226541113967,91891600,,,473.90553873628716,,64.41636223528997,0.0,488.2707877736596,459.8464363474341,476.7045799849282
2024-02-02,488.08917236328125,489.76762415976845,483.10311142026165,483.44868477371125,99147700,,,475.2563609864771,,69.56936632473366,0.0,489.60669302143464,461.1832483848154,477.8885142605938
2024-02-05,486.3119201660156,488.11876037909997,484.0213254983892,487.4473797029177,75757100,,,476.3092713845284,,65.97320248465945,0.0,490.1747006435041,463.04704618266777,479.1104484787214
2024-02-06,487.7238464355469,488.0595367833383,485.81826662535263,487.26965055523016,55918600,,,477.3963737703397,,67.41430873812362,0.0,491.4292935163407,463.70591156178426,480.33141432239734
2024-02-07,491.7916259765625,492.21617284383666,489.08630727690263,490.0045518319189,70556500,,,478.76735017093233,5.311109035936738,71.19886219224254,0.0,493.1895057543187,464.3370231763454,481.92893192921423
2024-02-08,492.00885009765625,492.3938951308885,490.96227726846075,491.79163516342265,52343600,,,480.0284454020489,5.589926419992878,71.38995378881496,0.0,494.83795533556037,464.83701414686146,483.2083927606839
2024-02-09,494.8524169921875,495.2966997559639,492.1767168912128,492.522290239314,63979400,,,481.4402522201573,5.971507468375648,73.83708964775096,32.99962149586593,496.74724824735284,465.3812521188581,484.28516301725296
2024-02-12,494.63519287109375,497.12326669534986,493.9045443435202,494.82278896712546,56502300,,,482.6969132345322,6.185087192139633,73.3211509797064,34.07719170354012,498.24239286977905,466.28533540170537,485.17123972930455
2024-02-13,487.82257080078125,490.79445944615924,484.5051389342864,488.2668837009023,113099200,,,483.18507109798446,5.738479378173224,59.32125601089795,32.416430172497456,498.1183043995342,468.30017399402044,485.8175682215489
2024-02-14,492.2557067871094,492.7493743759692,488.13850583834426,490.4982513760117,68387800,,,484.0489411636154,5.676817672371897,64.12196706697726,31.21409900438494,497.7273621011311,471.2858336996501,486.47337107831703
2024-02-15,495.6521301269531,495.83972621663327,492.48276258935323,492.9665773037757,61683000,,,485.15400677917137,5.834753893827042,67.30549219914411,30.59967970522415,498.1679189759164,473.3649576109977,487.3120584896344
2024-02-16,493.1838073730469,496.5012391281759,492.43342299130546,495.34607383636717,75461200,,,485.9187496928738,5.695096937176004,62.93494016047857,30.133243886819866,498.614192998882,474.60505443764146,487.9911661100424
2024-02-20,490.4686279296875,492.0977249314427,488.18788610101467,491.41646125471414,71736700,,,486.3520714297132,5.304182192897315,58.43948716761062,28.67949450762023,498.5860786648993,475.94731061732733,488.3215340759521
2024-02-21,490.91290283203125,491.0708800721909,487.3091355509302,489.145594603093,59603800,,,486.7864363251721,4.972904169585092,58.95610351829745,27.133321183811834,498.5856693070987,477.1670803266904,489.5872239529365
2024-02-22,501.07257080078125,502.05002292256637,496.6492986389385,497.62678089180014,76402500,,,488.1470205609444,5.46714243179531,68.57584287638198,27.370501486600553,500.3627431218075,477.5730021174503,491.14338539007036
2024-02-23,501.4181823730469,503.66930540147666,500.67768098039136,502.8201814697373,61321800,,,489.41094073352554,5.819632677960783,68.8433643948527,27.781865376905415,502.0657495071687,477.8268957565032,492.25797931428286
2024-02-26,499.58172607421875,502.3067808565356,499.45336767779384,501.86246796599994,50386700,,,490.3795869564487,5.882981711056175,65.64538059354024,27.874993006845177,502.9843277655791,478.742787102585,493.19175394761595
2024-02-27,500.50982666015625,500.7369246037783,498.3574431515057,500.2827588476133,48854500,,,491.3443716901351,5.939608131749139,66.49252035792485,27.699156310812192,504.141388978115,479.1318959339944,493.9024645412486
2024-02-28,499.84832763671875,500.4407046514321,498.5647737989886,498.93008300175484,56506600,,,492.1542722564764,5.863516566242993,65.25737416331225,27.535879378781566,504.9593900151502,479.83143029734987,494.4760256242185
2024-02-29,501.645263671875,503.28424374742,498.9498578140212,501.6354108088416,83924800,,,493.0581762008001,5.8804252904743635,67.04804143717146,27.804388593531577,504.58976396257003,482.68914228742995,495.22804999572804
2024-03-01,506.3548278808594,506.7892577747691,502.1191816118574,502.5338756491636,76805900,,,494.3245239798534,6.202351204586307,71.23290289006674,28.518750730814286,505.95023000992694,483.66371957503395,496.0908839855648
2024-03-04,505.811767578125,507.6877284022875,505.51557909592907,505.54522807522517,49799300,,,495.4185471796888,6.340569247565952,70.12694951622105,29.295335146578967,507.3647176373298,484.0214914691155,496.677343931143
2024-03-05,500.75665283203125,504.23209197361217,498.51541280508394,503.7778960932873,72855600,,,495.9269381941976,5.973345520895066,60.6822998913178,28.26207518241023,507.4456008888235,485.3850814842234,498.14568536761396
2024-03-06,503.2940979003906,505.5847227034607,501.98095539502907,504.0839539761013,68382400,,,496.62857245193027,5.8199795807126975,63.35050500822391,27.51779475374054,507.8520592549633,486.5356482645679,499.08660999730296
2024-03-07,508.2900085449219,509.3563473853265,503.3533327717686,506.64117571009217,58652100,,,497.73918541316755,6.03203070941322,67.9606770549902,27.390119517537062,509.40576087022043,486.6317849061468,499.8961993447963
2024-03-08,505.2391662597656,511.6568148843625,504.6566421115184,508.9318203713958,86425500,,,498.4534693033197,5.886054508759742,62.76815577073461,27.586283383979357,510.13088101040165,487.2296963821764,501.05912948371434
2024-03-11,504.8047180175781,505.39712513817193,502.0599274855355,504.0148619441716,62557200,,,499.0583501332491,5.669951306491953,62.041207014930535,27.143173715500534,510.78379828148815,487.5720092136291,502.11640466960546
2024-03-12,510.2351379394531,510.82751498286876,504.3900698876672,506.9472946930937,73114400,,,500.12280611479235,5.86922074228363,67.16081647287504,27.470490129584714,512.3105706008965,487.6052314010566,503.4142733788925
2024-03-13,509.435302734375,510.738592400455,507.9740659552051,510.56087929992003,55104100,487.0939080810547,,501.0097105547526,5.894653295364435,65.75412382070911,27.77442679980574,512.7187912480761,489.3582839472365,504.0725651545295
2024-03-14,508.42828369140625,510.5806672399703,505.3379196312258,510.42265985793,110171800,487.9291943359375,,501.716241329672,5.767071545258034,63.93833057964146,27.407808856967915,513.218483383207,490.47584950253514,504.67801850756956
2024-03-15,504.93707275390625,506.7891514759558,503.24349233984213,505.3134306736308,107585800,488.77087890625,,502.02298717959906,5.32289156317745,57.962308870007014,26.579296708389787,513.387448811288,491.23537833714954,504.922123801492
2024-03-18,507.93798828125,510.5328388976783,507.5220360124236,509.06706203174264,88893300,489.7023986816406,,502.5863206178515,5.1536168436354615,61.309762955661185,26.392461603549968,513.545347065786,492.5528981734718,505.47368310781127
2024-03-19,510.76068115234375,511.0478762202208,506.21470542311687,507.23484938554435,60755300,490.67773498535155,,503.36483114494604,5.187435604723817,64.19766011927338,25.907762570692654,513.3531230575911,494.7743275039323,506.01002336018274
2024-03-20,515.48486328125,515.6235341900565,510.1367240855939,510.8201044796903,69594600,491.61564697265624,,504.5191199198321,5.531673543441173,68.4430970821552,26.129425997398197,513.7631409191684,496.82150568727684,506.90789484680977
2024-03-21,517.1883544921875,519.0799972433423,516.9010989924435,518.3669362427153,60256100,492.6018463134766,,505.7257136886279,5.874227654209733,69.83225550036701,26.775868545665283,515.7882835707062,496.40794140487964,507.68071568723144
2024-03-22,516.2078857421875,517.5944134478647,515.9701382832161,517.0992120281103,79023000,493.51551513671876,,506.7240157889669,5.997453707897762,67.97743986568942,27.138753068242696,517.2189856286711,496.4562096838289,508.4126049158699
2024-03-25,514.7816772460938,515.9503452837859,514.6231789481147,514.8113578960968,48512100,494.40480651855466,,507.4914121182171,5.911879668131348,65.26200711760123,27.128243299031936,517.9684667645557,497.2267236651318,509.2416578518615
2024-03-26,513.8308715820312,516.574306667591,513.424833033871,516.2276294197574,65463700,495.2685656738281,,508.0951701623899,5.701614886928951,63.44252361871377,26.80879739068368,518.4373355119593,498.08995940991565,509.9587935049971
2024-03-27,518.1490478515625,518.1887026536133,514.5043725770939,516.7030983621477,82999800,496.2532452392578,,509.05268232326347,5.816371756354897,67.82926443432478,26.77289908951629,519.4517293483173,498.90563759504204,510.6761922820621
2024-03-28,518.050048828125,519.5752475225421,517.7628537507529,518.1887197410889,96294900,497.28807556152344,,509.9095743713455,5.8321001877238245,67.62890336533229,26.95972993227904,520.3543099122471,499.64353554673727,511.6679617945089
2024-04-01,517.148681640625,519.3474072145876,515.9700999312377,518.8026977832243,62477500,498.2219427490234,,510.59901315889596,5.706056417426282,65.72526650440706,26.624587226909433,521.1986762033855,499.87855463157535,512.4582447831957
2024-04-02,513.8606567382812,513.9992671999094,511.5232600004811,513.2663787407818,74230300,498.97275390625,,510.9096458807422,5.2799853069784035,59.18112048782171,25.194035943377468,521.4637792673662,500.41834048361034,512.7788260261397
2024-04-03,514.4251098632812,515.9503689165954,512.7018186025061,512.7513266543715,59155800,499.7147119140625,,511.2444519743173,4.931025736889978,59.918918571744236,24.24663781806504,521.1398727727703,502.1090926813313,513.0422216068125
2024-04-04,508.14599609375,518.8423347541981,507.83897362907743,518.4957179374168,96858100,500.30324584960937,,510.9493609380728,4.10053237430094,49.25368590792161,22.725094541401933,520.7467257232677,502.98742955016985,513.4261801397068
2024-04-05,513.4545288085938,515.4452481567992,509.0769652522051,509.5226586128974,74482100,500.9874841308594,,511.18794835431294,3.826603917908983,56.33060698807515,21.31223292735762,520.8732372934854,503.3773700063192,514.2608009477557
2024-04-08,513.74169921875,515.1877090342433,512.9197084378011,514.1676256081136,48401800,501.6253344726563,,511.4311627223546,3.5912877649316215,56.68253413192238,20.000290000030756,520.726137096727,504.3747234989761,514.7538335868445
2024-04-09,514.3359985351562,515.7522673105218,509.4136650975685,515.5046666061,68124400,502.2873138427734,,511.7078137521452,3.4134053937944486,57.44682350278269,19.523029120278043,520.41429204471,505.6396966027509,514.9777689127936
2024-04-10,509.1858825683594,511.2062825180565,507.1753963185619,508.5520102686698,82652800,502.77006896972654,,511.4676298298799,2.8243041951956798,49.324923160889234,19.5036903630229,520.4547116158037,505.4943514945478,514.5844657878902
2024-04-11,513.0286865234375,514.4944634268413,507.16551846042853,510.73094461172184,70099000,503.3371832275391,,511.616301895933,2.6371203329356376,54.49467569331583,18.653382880320766,520.4562092417332,505.8521922475248,514.1870191388037
2024-04-12,505.9472961425781,510.86959945939657,504.1942637744547,509.4335032535515,92469100,503.9208410644531,,511.0763965860897,1.8955164180715087,45.3194815459973,18.436915186451877,520.7229279458638,505.33737478851117,513.3513995874091
2024-04-15,499.6087341308594,510.35458096734675,498.74705825509733,510.18622940720803,92101400,504.2529278564453,,509.98423825702014,0.7872461087038118,38.99121392730295,19.117938234811188,521.8092970720895,503.7181717999808,512.3681189806482
2024-04-16,498.6975402832031,501.6390379238471,497.3902012818734,500.0940119130741,73484000,504.46509521484376,,508.9093146404661,-0.16271613416034825,38.16615859907457,19.944667111591546,523.0665781760198,501.53684589624584,511.3332236325358
2024-04-17,495.7461242675781,501.3617216102896,494.32985547517376,501.19333983039104,75910300,504.653779296875,,507.6556774620958,-1.1405748255804724,35.542717708790974,21.128405722356273,524.5113281634383,498.59064022035085,509.8868213443353
2024-04-18,494.7260437011719,499.29181676831763,493.77526538398075,497.16245658697704,74548100,504.7938232421875,,506.4242837705792,-1.9750793745765236,34.656050538403576,22.30076504449173,525.2501349722061,495.7759514535752,508.10098279079006
2024-04-19,490.4078674316406,495.656990324727,489.1203256217564,494.6467903221035,102129100,504.7661480712891,,504.8989107859184,-2.9508553546975236,31.117208321108862,23.957296956141175,525.9651352954779,492.3829024242486,506.01860749301034
2024-04-22,494.9241027832031,497.5585779345951,490.6752661850258,493.05222692904476,67961000,504.824453125,,503.9489290713741,-3.3214547372352854,38.222374294988384,24.944378551185626,525.6634208532912,490.5562385705369,504.796143561444
2024-04-23,500.79718017578125,501.2329598348073,494.73591974985015,496.96432609613043,64633600,504.9433483886719,,503.648762509889,-3.105451444519474,46.02012275023278,24.882867635113822,524.9595409833985,489.8616687333984,503.9239141404419
2024-04-24,500.5594787597656,502.50065976928005,498.30136160286673,501.6984359256906,55928100,505.0618341064453,,503.35454500987726,-2.9197902717944544,45.7683238987022,24.5101161783117,524.2783637821218,489.21570665244855,503.0240911915793
2024-04-25,498.6579284667969,499.43044149195106,492.7155112810887,494.3892945397056,69122400,505.27854125976563,,502.9072481962505,-2.892745897482655,43.70803562205025,24.993509404787634,522.820470187781,488.72448830831274,501.9267718856279
2024-04-26,503.3821716308594,504.98661944192617,500.8467427053988,501.49049852500383,64306100,505.5010705566406,,502.9524789995466,-2.4617288173703855,49.75907177992689,24.185030654873884,521.1473906996911,488.9307800766761,501.4442742722332
2024-04-29,505.1648864746094,505.8482668742655,502.38185682226367,505.1945973517815,46415400,505.69132568359373,,503.16318447336215,-1.9537726124547703,51.8619130490221,23.25645299925588,519.563257936135,489.31653332363067,500.8061256805237
2024-04-30,497.16241455078125,504.66965456841757,497.16241455078125,503.6792517562141,77483600,505.7708978271484,,502.5916825759735,-2.1719098405618524,43.13424867886165,23.18733534148897,518.3958581641411,488.8141088768744,500.0450482786657
2024-05-01,495.5480651855469,503.3128197951425,495.0726609432343,496.5681788979437,80242800,505.87248657226564,,501.92086187212334,-2.4468439733076366,41.61287709823075,23.407074996122436,516.9710685458319,488.35119402741014,499.10626735900115
2024-05-02,500.1831359863281,501.0348981300909,494.7557176408706,499.3115766670157,62550200,506.0578912353516,,501.75536416871427,-2.2646147088915995,47.35429949128962,23.65475570362293,516.3821800677089,488.14379649479116,498.35308640805937
2024-05-03,506.3830871582031,507.63097421000964,503.6792764673451,506.25432995034845,72756700,506.1641015625,,502.1960996915227,-1.601451918685143,53.8863364089427,22.465480378241264,515.2209319241764,488.5979004732845,498.48456503263935
2024-05-06,511.6124267578125,511.6520211115232,508.37378997246344,508.8194833616373,47264700,506.3679864501953,,503.09289274545506,-0.6464744720453268,58.55701527317546,21.07302385221928,514.7636705876391,488.842234563728,499.01970603052393
2024-05-07,512.1769409179688,513.5932097300324,511.49356053808145,512.592893186346,52561300,506.6198907470703,,503.95804019045636,0.1541269302296655,59.03932954713853,20.10042155006463,514.2664783154245,489.123521074224,499.92240380035594
2024-05-08,512.2264404296875,512.7711498945695,510.19612672455037,510.3149702278195,42047200,506.8542230224609,,504.74550687990694,0.7835709878730199,59.084295094561135,18.95011762331701,514.8435351315545,488.8505200442268,500.7994470617494
2024-05-09,515.1778564453125,515.2175112486855,511.7511011196911,512.4146541328394,43643700,507.1608135986328,,505.73906398137416,1.5032361740209694,61.7785239386191,18.30286774429877,515.3484891941071,488.5604829738617,502.5760917383681
2024-05-10,515.8414306640625,517.6241436477566,514.6034271407484,516.8020923824466,52233200,507.4447369384766,,506.7011941416302,2.1028802185213067,62.37835096447495,18.0948324104975,517.0711393239778,487.8272462961394,504.0907690276238
2024-05-13,515.9107055664062,517.6538241987988,514.7519511946372,517.544894396622,36716400,507.6358544921875,,507.5782904677993,2.5542485621940614,62.44461256507971,17.90655349535088,518.9414276370733,487.5871551265986,505.0558375107432
2024-05-14,518.2777709960938,518.8027134936191,515.5640770072746,516.1087864551328,57535900,507.8851745605469,,508.59728861335117,3.0676022154489715,64.73043861328009,17.929020114190433,521.0614067857456,487.4251990492154,506.2686150837937
2024-05-15,524.6956176757812,524.9927264220959,520.1397285845308,520.7835145760366,59504900,508.36395385742185,,510.13046280977306,3.946808918624299,70.05266006867248,18.880777037406414,524.2295723931279,487.15198278265336,508.3524712524087
2024-05-16,523.6160278320312,526.4188845163601,523.4674432410488,524.7946095124151,50244800,508.7703924560547,,511.4148023357024,4.504547072680452,68.18860464085516,19.95133047367839,526.5146070826964,487.7559465061707,509.82577403256096
2024-05-17,524.3687744140625,524.4381098639712,522.2592116146577,523.7349021143731,59187600,509.0919677734375,,512.648513962213,4.950235700519784,68.811764796196,20.62470891184719,528.0026323459058,489.6640119412036,511.17259004471947
2024-05-20,524.9729614257812,526.4585657833363,524.0914883324435,524.4876736742167,37764200,509.4866436767578,,513.8222708635052,5.291206259442561,69.33107021580844,21.537318139487546,529.6188516845735,491.0526784667936,513.0558129676596
2024-05-21,526.260498046875,526.4189963708524,523.9924970486647,524.2005034303604,33437000,509.91575927734374,,515.006863928588,5.6007592624528115,70.45987107052865,22.356189256664866,531.5557634811469,491.66209845732965,515.3569174692226
2024-05-22,524.7451782226562,526.2802906066842,522.5365386804145,525.5573158434247,48390000,510.2059600830078,,515.934322432785,5.658580013734536,67.31944459161346,22.686114281266295,532.8711650079878,492.7652668767779,517.5031548289519
2024-05-23,520.9122924804688,527.9540420702835,519.6841421979015,527.8451122672031,57211200,510.4354998779297,,516.4084148182787,5.333638662641306,60.03109339253024,22.201093576507045,533.1706915680927,494.6911767180402,519.2003746822671
2024-05-24,524.35888671875,525.1809380091343,521.8234578436425,522.7841195913288,41258400,510.75411193847657,,517.1656026183236,5.2932147665463845,63.82389037030857,21.750717207802023,534.0915777892179,495.86796200570404,520.0910684485217
2024-05-28,524.725341796875,525.4186358953048,522.0512419597281,525.1809488785617,36269600,511.1498773193359,,517.8855777781857,5.230454970806136,64.21273943068044,21.382747326962708,534.9621062206533,496.95347910649514,520.9260319058428
2024-05-29,521.0509033203125,522.2493125032587,520.3279286001089,520.6349510586301,45190300,511.41213562011717,,518.1870373536264,4.828560266944237,57.53476908281975,20.53060947059643,534.1813698223316,500.12306438177006,521.5325118793402
2024-05-30,517.5944213867188,520.1595913781238,516.3267371663876,519.4861246908551,46468500,511.5488104248047,,518.1305977377303,4.182928418595452,52.050986273725925,19.427834058672524,532.1045478028168,504.4045220214021,521.7800370570635
2024-05-31,522.3087158203125,522.4374730192826,513.3851769884031,518.5650246985202,90785800,511.68528747558594,,518.5285137455953,4.005491872072184,57.93932999394918,19.04915425211857,530.5366641615385,508.18496364607853,521.897982838501
2024-06-03,522.734619140625,524.2301371360559,517.5845121617758,523.9429420674911,46835700,511.7962127685547,,518.9290952117886,3.8548031973899697,58.43593432525495,18.218178273422456,529.7082455416991,510.6485354641604,522.1723288967983
2024-06-04,523.3189697265625,524.0716855548387,519.9218952484352,521.4074995044357,34632700,511.93843444824216,,519.3471784989099,3.739427750321852,59.14860413038449,17.446557721776063,529.5241517828824,512.003283519852,522.5728615817567
2024-06-05,529.5386352539062,529.558462653228,523.6556403472038,525.6761006976074,47610400,512.2335736083984,,520.3177934279572,4.102574974881918,65.85869864272908,16.995614289394457,530.2564305179973,513.0071742183308,522.8642230782982
2024-06-06,529.5287475585938,530.2814633771293,527.567769309855,529.8456837163661,30808500,512.5475311279297,,521.1950271546845,4.339550277975263,65.8401835667826,16.728709358835406,530.6314548615612,514.3623805876575,523.0329919004153
2024-06-07,528.8850708007812,531.7374360345742,527.4291470806969,528.5383935105723,43224500,512.7622515869141,,521.9274122638366,4.424413691137715,64.56760539712322,16.786413498493598,531.0397453065498,515.3248115782158,523.3990935903041
2024-06-10,530.5191650390625,530.8460149060121,527.4588540784205,528.0629853102115,35729300,513.0116339111328,,522.7456744329057,4.570836547340036,66.34598424391676,16.839995913890487,531.634571630299,516.1977586919666,523.6417824976412
2024-06-11,531.7968139648438,531.8562357169258,526.9438158970391,528.9444489661214,36383400,513.3045965576172,,523.6076877216617,4.735386715967138,67.71057736692572,17.11457486557915,532.237326662562,517.1836144995473,523.9141334992929
2024-06-12,536.1644897460938,538.8980113725944,535.114665109043,536.4319178680672,63251300,513.7506732177734,,524.8035736287504,5.158761848114068,71.90455190449342,18.631293638745483,534.055676391642,517.1539366454674,525.1052994205036
2024-06-13,537.2440185546875,538.1155778669757,534.4114810144458,537.9373126143792,44760900,514.2070513916016,,525.9883779074111,5.517792960902057,72.84342946941179,19.808531983686475,536.0694774213389,516.3949757036612,526.1051308972212
2024-06-14,537.5708618164062,537.6005424667798,534.668928411455,535.6890723130914,40089900,514.7955487060547,,527.0914716130296,5.7622772785694,73.13613536604765,20.901681875417392,537.8463853144507,516.0135512089868,526.9102015575314
2024-06-17,541.849365234375,543.2656944796701,536.4120633583274,536.8775841230741,55839500,515.3634454345703,,528.496985291253,6.229462959331158,76.67961041790103,22.748008027534716,540.4261287296181,515.1818668758506,528.2139048731574
2024-06-18,543.2260131835938,543.3547703814315,541.482894612303,541.908760555386,41376400,515.9531317138672,,529.8997498524284,6.634318665742171,77.69891185272702,24.473969958227652,542.9276042093744,514.5056965718755,529.6055474362174
2024-06-20,541.7503662109375,544.8404183084012,539.9478257458514,544.1669516153021,70328200,516.5014190673828,,531.0283799818102,6.758193108379373,73.96685500842352,25.51836184700548,544.7332191506633,514.249068446993,531.6921521126104
2024-06-21,541.0240478515625,542.1567641077305,539.5435965588345,540.9147666280046,64513900,517.1381823730469,,531.980348350358,6.720289362593803,72.13039754557911,26.34048310706388,546.1722729915126,514.4379015690344,534.3052573641793
2024-06-24,539.2653198242188,543.4483888561709,539.1460929266034,540.8451671842284,45528700,517.6629150390625,,532.6741551573923,6.473710809012459,67.74435179401709,27.32273852524334,546.9329735561507,515.5125037387711,535.6605599010373
2024-06-25,541.342041015625,541.7096674415219,538.9673271282493,540.5073919724678,38273300,518.3708099365234,,533.4996680962716,6.372412369948165,70.05949641672697,28.162784897962744,548.0401388770999,516.1036538475093,536.6485100002384
2024-06-26,542.0177001953125,542.7430073900042,539.5535963546173,540.2093444061392,38550600,519.2189892578125,,534.3109092485613,6.27432615003022,70.79397473311762,29.12948547301125,549.0915117258006,516.7815168386525,537.5984627790727
2024-06-27,542.8721313476562,543.4583808478909,541.1233891744105,541.8785333532583,35041500,520.1024810791016,,535.1262637341894,6.1941354297682665,71.73815404255012,30.15620015978297,549.7664457250629,518.2887056421247,538.2605067788498
2024-06-28,540.73583984375,546.7571015570238,539.4740117027048,543.6570202025717,76144500,521.002275390625,,535.660509077957,5.890303088171436,65.99365298455547,31.64780169235799,549.2326794680146,521.1366137448761,539.2730489036061
2024-07-01,541.8487548828125,542.3852759657548,539.0468012719632,542.1368764681023,40297800,521.9447296142578,,536.2498658212767,5.673911392450464,67.45570610149863,32.835842316231414,549.1713851101721,523.1519120089685,539.8795116091602
2024-07-02,545.4952392578125,545.4952392578125,540.1695686147268,540.2192363850778,40434800,523.0464770507813,,537.1303775771372,5.730601422669679,71.7425114014424,34.4016823781808,549.3594866159549,525.2398725149044,540.6103277050584
2024-07-03,547.9296264648438,548.2972529078797,545.1376182479295,545.1773403396794,32789900,524.1065875244141,,538.1588774712045,5.903906819867643,74.18704809929604,36.20582002707488,549.6157528286,527.4446719760875,541.3019358916022
2024-07-05,551.0891723632812,551.4965208324575,547.5916882313281,548.2375511458326,41488400,525.112427368164,,539.3903341275927,6.224449959771391,76.97154933683098,38.21984774310157,551.1671835862378,528.0482949293871,542.1710421860543
2024-07-08,551.72509765625,552.6888585564628,550.6420492094277,551.884046644386,36110500,526.1357397460938,,540.5650735112744,6.455382927969595,77.49769129274338,40.20458899294215,552.4539460618811,528.9811674635095,543.0334662736773
2024-07-09,552.2616577148438,553.6129364648433,551.9635904382866,552.6988432685978,27289700,527.2078143310547,,541.6790339116143,6.605550210542901,77.95534650943836,42.13557016934681,553.3288462536401,530.4439259631569,543.6740237359568
2024-07-10,557.7264404296875,558.0741754742883,553.205581627829,553.5036489009739,38701200,528.2946997070312,,543.2073583419069,7.0838627970988455,81.97603869851746,44.29967905298132,555.4067768945971,531.0867228612623,544.5226550945155
2024-07-11,552.9173583984375,558.7299426936437,552.2715561285736,557.8456259785384,53054200,529.2497491455078,,544.1321202520527,6.994250869006123,69.89468328738533,45.884075249009335,555.9599384360155,532.6456157632032,545.6760796431356
2024-07-12,556.4049072265625,560.0613404112083,553.5831230048191,554.0600306153884,53084400,530.4345989990235,,545.3009571067679,7.122544554151318,73.00211292700104,47.47577716696081,557.4736890389164,533.1559069083493,547.1705780377877
2024-07-15,557.9351196289062,561.2239266160194,556.0472591522632,558.4319186338745,40584300,531.6823400878907,,546.5042106803049,7.2639591765557725,74.25763031169882,49.056517546818306,559.0923677001541,533.6063383545335,548.4446712810236
2024-07-16,561.2437133789062,561.5417806296592,558.5013733831685,559.2664631971054,36475300,532.9035516357421,,547.9079728420766,7.555907351641281,76.77279442950717,50.55284967037568,561.1615096994117,533.9044815115258,549.6896183801015
2024-07-17,553.3744506835938,556.9216026807854,553.0465463761137,555.2225283359235,57119000,533.84337890625,,548.4285897793638,7.070787019086424,61.405416590064725,49.57123950400593,561.7023330127299,534.5161667431294,550.6588153083884
2024-07-18,549.121826171875,555.9379543203733,546.906122110008,554.934410669843,56270400,534.5935668945312,,548.4946122929364,6.270887515220124,54.99847524141229,46.7893429408063,561.8152360381584,534.9928450165291,551.1132733025817
2024-07-19,545.475341796875,550.532782165791,544.4022390050054,548.8833755688274,65509100,535.2595349121094,,548.207062721883,5.2818348766899135,50.165128040451705,43.59349460702816,561.7273585942385,535.4532200190429,551.7383458649124
2024-07-22,551.0991821289062,551.7152080677258,547.4924163595272,549.4597210903114,43346700,536.0369897460937,,548.482502665409,4.895369674964172,56.51264214733372,40.89133956950142,561.7974633893696,536.390628651646,552.3137356976482
2024-07-23,550.2346801757812,553.1756911794572,549.7378812203599,550.9897636467225,34439600,536.7381262207032,,548.6493767140158,4.467832740884546,55.345640613680985,38.70553821513009,561.521612560667,537.7634155155048,552.8069388994969
2024-07-24,537.7650146484375,545.6541850257204,536.8310301226088,545.3461720780751,74515300,537.1765979003907,,547.6127708030084,3.0872212804827086,41.90394082917283,37.67744307877924,561.9304368976674,536.9968885417858,551.6493608535172
2024-07-25,534.9630737304688,543.9551841667384,534.0092584606904,537.8842542829834,61158300,537.5576452636719,,546.4080377484809,1.7468469715495303,39.57792510007005,37.09466256195539,562.7449962885943,535.4768665043745,550.4826082845785
2024-07-26,540.9544677734375,543.6868621230556,538.0233417058752,538.8083228950942,53763800,538.0111791992188,,545.8886501318101,1.1547350352541343,46.425957276225326,36.55350922490467,562.8487753259461,535.1813211096008,549.6782755589869
2024-07-29,541.2724609375,543.5477785454984,539.2454821872736,542.5244041316022,39515800,538.3427160644532,,545.4490130656853,0.7030372744891338,46.77077918401291,36.051009697643295,562.8132117925855,535.2705467523364,549.1002542148967
2024-07-30,538.5300903320312,543.8359300826789,535.0723888630466,542.7628273133917,46853600,538.6409973144531,,544.7900680434325,0.12236658998358507,44.132664771397046,36.15194239048649,563.0636448606026,534.6882472292411,548.0573512065606
2024-07-31,547.28369140625,549.9564723516758,544.0743893929554,545.4653901540843,65663400,539.0992956542968,,545.0275559827485,0.36432364263066574,53.205781686666974,34.76157856343807,563.0891086444418,534.8416286602456,547.4919771573997
2024-08-01,539.53369140625,551.317749824463,535.9765933766676,549.0324864189774,76428700,539.3905102539062,,544.5043307849867,-0.06849432059595983,46.07178043284343,34.52501371317944,563.254476306895,533.8366674919332,546.3124868817114
2024-08-02,529.4883422851562,533.5521237131668,525.215822822894,532.3200720269788,82789100,539.4550671386719,,543.0742366421457,-1.2081545428055733,38.808268766134496,35.29582719881525,564.2889524528039,530.6421083382118,543.9326049377482
2024-08-05,514.0677490234375,520.2280688833214,507.0032513256614,508.3645060852609,146267400,539.2415185546874,,540.3117140117926,-3.3174153811661427,30.784704105965062,37.06377906364249,567.6801820129128,523.4851439148215,538.3838831275688
2024-08-06,518.8071899414062,526.3585100467498,514.554561638132,515.8958946027635,84826300,539.1994165039063,,538.2636641003272,-4.5540898065831925,35.21782263411332,37.68842999270352,568.6399159383357,519.1799632120549,535.7158283572033
2024-08-07,515.3395385742188,528.1868147438752,514.7334583176194,525.0867330311373,70698300,539.0190295410156,,536.0804140502216,-5.747717573091904,33.52589923759369,37.97914760948987,568.5987958381879,514.9823931266558,533.6088356241544
2024-08-08,527.2528076171875,527.8886642530557,518.4992115856069,520.5559060967021,63276600,539.0695788574219,,535.2396896280279,-5.667048719229911,43.55817472874611,38.249099682220056,567.518502473035,513.4962314136836,532.085029530713
2024-08-09,529.5778198242188,531.0881082802846,525.1761876996719,526.4181852735649,45619600,539.2401171875,,534.700463932427,-5.3537938147117075,45.29343799086418,37.95937305022948,565.5430700105732,512.7889551359111,531.0918836290589
2024-08-12,529.8560180664062,532.300230302617,527.5508634586599,530.7900026001965,42542100,539.4853491210938,,534.2390881356632,-5.025161835274162,45.50931204159566,37.486075923307034,562.9561862400599,512.5679287501746,530.318301796935
2024-08-13,538.56982421875,538.8083386739114,532.8467508274344,533.0951503210376,52333100,539.8105712890625,,534.6515391911953,-4.015301396664313,51.910355566918696,36.017462922754056,559.419939014371,513.8367870598477,529.8981218003995
2024-08-14,540.2689208984375,541.471196329114,536.6621552508178,539.3746584267726,42446900,540.1612573242187,,535.1865279252183,-3.042801301975942,53.068044859032184,34.26864694437155,557.5207738584049,514.4253992372983,529.8242507228551
2024-08-15,549.5292358398438,549.8173574187872,545.3660579251114,545.982083814168,60846800,540.6854626464843,,536.5525001075636,-1.507480647826128,58.878401475140784,32.06997086707379,557.5915387653367,514.3953752971634,530.3954329041517
2024-08-16,550.7612915039062,551.4667678986649,547.7308298067959,547.8897787993742,44430700,541.1099157714843,,537.9057183357867,-0.18913118607054002,59.59513392739144,30.22043462235495,558.435091624782,514.0804174084212,530.8682323921046
2024-08-19,556.02734375,556.02734375,550.3141554398344,551.178580819559,39121800,541.6398876953125,,539.6315874228546,1.2660029723845128,62.59598741403084,29.016452944380234,559.4324235525879,513.5759016427245,531.4372086805456
2024-08-20,555.1232299804688,557.2495443135458,553.7620055346229,555.5703612216352,33732300,542.1646508789063,,541.1069819521512,2.319514927195655,61.748063149450914,28.032340843957456,560.3514433618916,513.1457368138897,531.1873622684204
2024-08-21,557.0309448242188,558.5113962445419,551.1786376407017,556.1864107229809,41514600,542.6948864746093,,542.623549844729,3.270665193546961,62.89034313216184,26.7322066538849,562.9200416456165,512.503731547743,531.3812563043086
2024-08-22,552.6590576171875,559.5745216188498,551.4270057843165,558.9584957024143,56121500,543.1121313476563,,543.5793124897251,3.6298413208277225,58.57355352978153,25.65617299491574,564.5869145776697,512.6064570043615,533.1571421915394
2024-08-23,558.53125,559.4851259143927,553.722208984333,555.9479194512493,50639400,543.5594665527344,,545.0033065383227,4.338318404695542,62.31517171979501,24.656998883015802,566.8756727580273,512.0753770466602,538.7275535067685
2024-08-26,557.1997680664062,560.2997887939172,555.4709173504181,559.5744817024615,35788600,543.9585815429688,,546.164874302902,4.737738434052403,60.97048497946946,23.84141533805254,568.739683898522,511.80409661905617,542.0759701266927
2024-08-27,557.9649047851562,558.4617037979162,554.7456568855777,555.9081495950009,32693900,544.3664624023437,,547.2886867297834,5.057719580667708,61.48482188355894,22.948472814377684,570.7163290899529,511.77093287293775,545.3383618324098
2024-08-28,554.7257690429688,558.054358836253,551.4866297560903,557.6171732764703,41066000,544.6239904785157,,547.9969802834202,4.992386635412004,58.00017615318348,21.52246603329581,571.5680842194612,511.6633855071012,548.088965341928
2024-08-29,554.775390625,560.0712846741632,553.6128980049808,556.7228644372319,38715200,544.8549780273438,,548.6425431730944,4.888264976750861,58.039409778678824,20.528414013951807,572.8505693714109,511.9050702770265,550.0508287574268
2024-08-30,560.0712890625,560.5879794062929,553.5731802564248,557.1799456914886,62700100,545.221396484375,,549.7309951625616,5.173446287893739,62.10773162451049,19.6909715931525,574.7066318223197,513.1073025038522,552.2028936193424
2024-09-03,548.5455932617188,557.2196842759827,545.9920391595765,556.881834277098,60600100,545.3718273925781,,549.6180997434337,4.418493561371861,50.607625163238566,18.977555167316662,573.2525846699114,518.0091340800886,553.3133212378959
2024-09-04,547.4227905273438,550.880491910365,545.9423393178182,546.6775920813889,47224900,545.5349768066407,,549.4090226752346,3.6870848701995556,49.64326878946563,18.322833249979453,571.7903987215983,522.3328800869955,553.8413172034399
2024-09-05,546.0913696289062,550.2545475786525,543.5974290033273,547.3632041488859,44264300,545.6299633789063,,549.0930557184414,2.9658155975231466,48.46393468107562,18.08493454577411,568.6238341918909,528.5746277221717,553.8771969366292
2024-09-06,536.900634765625,548.0686672905891,535.9865415281048,546.4193211895582,68493800,545.5276220703125,,547.9318727705542,1.6337560859903988,41.18973756246258,18.87934939818578,567.4198720050817,530.7433726238246,552.719190792025
2024-09-09,542.911865234375,544.2035911706921,539.205764040938,541.1631836675344,40445800,545.5284167480469,,547.4537768147276,1.05102977006311,46.812781751325694,19.617020332568046,566.0592703642732,533.4373788056488,551.9789267261541
2024-09-10,545.276611328125,545.6343526891766,539.9012729623811,544.8493714758437,36394600,545.6192321777344,,547.2464277207655,0.7711409799342164,48.88333641024279,19.97737679590495,564.2498850977584,536.7888233983354,551.3401413995492
2024-09-11,550.8705444335938,551.8045289085911,536.5031572548023,545.1871934136049,75248600,545.79966796875,,547.5915816934158,0.9893066373357442,53.49537569777985,19.061644922515818,563.7233065569425,538.5454739606356,550.5463405352016
2024-09-12,555.5106811523438,555.8186940780948,549.2012980489352,551.4567847066498,51892700,545.9999768066406,,548.3457816418852,1.5191133534641494,56.964024588173785,17.87443883481154,563.5745089495738,540.218447593395,550.4427427970531
2024-09-13,558.4119873046875,559.4254766085033,555.8683790070602,556.1267241742606,39310500,546.2096240234375,,549.3044678954855,2.148335478213653,59.022100363337394,17.32781863776909,564.2970773626196,540.3841543268336,550.3667281384561
2024-09-16,559.2366943359375,559.5049245430299,556.3155139503538,558.1437002092299,36656100,546.3725744628906,,550.2503942231476,2.6826219148754262,59.61333319550617,16.83235252224617,565.0627994666877,540.4659725059685,550.4138201965504
2024-09-17,559.4652099609375,562.9527484995683,557.1997775054689,561.4821822822897,49321000,546.5273767089843,,551.1279957219847,3.0888803761930603,59.78646703704006,16.891353879749712,565.5054325940263,540.3671259997237,550.7739213713656
2024-09-18,557.8059692382812,565.0492771870338,557.2396110727457,560.1309547132038,59044900,546.6382629394532,,551.7639931997272,3.2396120432106272,57.84734316929108,17.24273942557811,565.7864639584268,540.3543685611044,551.3132737717991
2024-09-19,567.3245849609375,569.2124454796876,564.4431870545009,567.3544220112178,75315500,546.8302258300781,,553.2459543198424,4.0801077711062135,64.88387055568876,18.112685396510656,567.661226518799,539.5089700144041,552.6435207373555
2024-09-20,566.3438720703125,567.4003139915075,563.274186536296,565.9352741325762,77503100,547.0987561035156,,554.4933750579825,4.613885358426387,63.70395054137888,18.656151785311927,569.39052930762,539.1481486708956,553.5219307248445
2024-09-23,567.7590942382812,568.4169144135892,566.1943533126803,567.4302449810484,44116900,547.32583984375,,555.7567768846776,5.092402497407875,64.70151129043265,19.29917605408258,570.872626622537,538.5888357798068,554.5856175078402
2024-09-24,569.3836059570312,569.4434022584327,565.6960051561575,568.5663492842654,46805700,547.5548095703125,,557.0545701296637,5.538866689303177,65.86138008497933,20.03877471481099,572.6834650595191,537.9963811318872,555.851932102793
2024-09-25,568.1278686523438,569.9716996168105,567.001654193034,569.2242153737513,38428600,547.6924926757813,,558.1091699889665,5.725366807487717,64.10780529683359,20.80119419686483,574.0440541985654,537.6520883795597,557.0540719317768
2024-09-26,570.3803100585938,572.7822602105816,567.9883969266909,572.453350103916,48336000,548.0326098632812,,559.2778499955976,5.985920723857475,65.86351094872,21.902147116532348,575.8825106731257,537.3790860065618,559.5450624925304
2024-09-27,569.5530395507812,572.2938149879185,568.5065738226857,571.4666429266127,42100900,548.4412341308594,,560.2564394770437,6.055849697895951,64.61338743108419,22.924460541937897,577.3984849119606,537.340876660305,561.1418082766161
2024-09-30,571.8353881835938,572.4533035880738,566.174448485196,568.5065651200609,63557400,548.9684350585937,,561.3591964967152,6.223692520653117,66.50242477915266,23.183032907407743,578.9378918212018,536.9778796631732,562.7617024441947
2024-10-01,566.712646484375,572.13440127127,564.1014397392948,571.4766419055114,72668800,549.2807043457032,,561.8690488764923,5.87561627734101,58.90201725750414,22.84795983854641,579.7102100505507,538.0222667560898,564.8916454938569
2024-10-02,566.9518432617188,567.9883936936922,563.373919358678,565.80573723538,38097800,549.6150476074218,,562.3531245322282,5.55502960425099,59.13685545141488,22.338049024740307,580.2765408082723,539.4088412718058,565.7625057971458
2024-10-03,565.9153442382812,567.8886831733391,563.5931428250311,565.4568653371243,40846500,550.1780541992188,,562.6923835518523,5.157868845923531,57.60090987902356,21.864560411920348,580.4085665729577,541.2592129680578,566.1862172992151
2024-10-04,571.0579833984375,571.4367135974977,566.1943479445887,570.4300917963334,42939100,550.8999523925781,,563.4891073467652,5.198162898802821,62.767893090503335,22.13087023136449,579.2105005963259,545.873013807971,566.7709352972167
2024-10-07,565.8953857421875,570.0414656953863,564.7293273686603,569.3836455038623,49964700,551.3987707519532,,563.7182767177578,4.758662837753263,55.46096480854516,21.933584905323176,577.753202508677,549.6286639464012,567.2388373113139
2024-10-08,571.2473754882812,571.8553755715546,567.6196315196793,568.5065999253031,37398700,551.9982690429688,,564.4353337435219,4.787034760120605,60.58373046051224,22.107374815811003,576.5914163220544,553.3875265490393,567.9878053708546
2024-10-09,575.2041015625,575.7721968989688,570.6294711322118,571.2374103968729,37912200,552.7317492675782,,565.4609306786627,5.070346639575519,63.89040671224977,22.94933767827032,576.679105842695,555.7331927412895,568.4253806656244
2024-10-10,574.1974487304688,575.6425970526338,572.5629353063589,573.8386709048119,44138100,553.2700244140625,,566.29298001693,5.154230118193482,62.45488104898932,23.73116033626826,576.9427543315009,557.338221010296,569.144225240297
2024-10-11,577.6358642578125,578.3833484453603,573.9781311688434,574.1176761498197,42268000,554.0320678710938,,567.3732547065379,5.435502684896619,65.32106696899817,24.895100028200027,578.0607025269729,558.1426605101364,569.752108209573
2024-10-14,582.3599853515625,583.3068108718866,578.7820007527869,579.2703473815798,36217200,555.0895007324219,,568.8005623870164,5.970782843668076,68.84061645610427,26.62763755226796,580.1563542085939,558.359337930078,570.5376282530309
2024-10-15,577.835205078125,582.9380255946008,576.5993134581498,582.6290678972117,54203600,556.3648498535156,,569.6610045480743,5.961167643187309,62.31699152023484,27.514999365146135,580.709056092655,559.6436355577356,571.3811451817525
2024-10-16,580.3467407226562,580.8749921074705,577.0179783689249,577.835235088752,30725400,557.5956408691407,523.5811163330078,570.6786937075583,6.086051253847927,64.33715605145684,28.33897819139015,581.0982435041076,561.5085252947206,571.8471578060046
2024-10-17,580.3965454101562,584.1539188175557,580.2071803114444,583.944601340952,34393700,558.8967810058593,524.1497792053223,571.60420339352,6.118510852612303,64.3779387328591,29.563521249081425,582.3300942895874,561.5838705541626,572.4992248444071
2024-10-18,582.6290893554688,583.4263936848293,580.6258219277963,582.1108141676949,37416800,560.004306640625,524.7486604309082,572.6541925327533,6.252310216482783,66.24155591349506,30.70059694550904,583.790623419175,561.7518631530908,573.3554102674716
2024-10-21,581.6723022460938,582.8881807335302,578.6524367452782,581.8915350892357,36439000,561.0461962890626,525.3502119445801,573.5130601245,6.20956248182722,64.67982404809665,31.043541305717195,584.882349689723,562.0514576833239,574.5913566320667
2024-10-22,581.3633422851562,582.539376841233,578.4332016690254,579.1009372156066,34183800,562.0763427734375,525.9470593261718,574.2607060445625,6.080660043468811,64.15384288335957,31.283193931142875,585.8137988727595,562.3179821330999,575.5480334221775
2024-10-23,576.0512084960938,579.7587619393839,572.4931762322094,579.3102592315893,49314600,562.8259704589843,526.4843690490723,574.4312300875656,5.486612873052195,55.758071682547886,29.663031614729075,585.9129017753575,563.0112132148769,576.2977640677929
2024-10-24,577.2969970703125,578.1142537753539,574.6359703072284,578.0345050935296,34979900,563.5665319824219,527.031462097168,574.7041602763987,5.058044943483424,57.17357144092024,28.15859517805912,586.1621277596704,563.4536559317359,576.8386196745452
2024-10-25,577.09765625,582.4995192928038,576.1409153890147,579.5594025561556,47268200,564.117900390625,527.5643281555176,574.9321122738845,4.648728979454631,56.860084227417886,27.683117666859562,586.3150539677742,564.055191393554,577.8791435145874
2024-10-28,578.8817138671875,580.7554125683909,578.5727561467988,580.625843766574,30174700,564.6803088378906,528.107151184082,575.30826480658,4.417380851977441,59.02547250807543,27.241602835031404,586.6670246013033,564.4078533283842,578.4825530565467
2024-10-29,579.8185424804688,580.9546722574563,576.4897193404522,577.9049390899631,42899700,565.1561328125,528.6530293273926,575.7378150612361,4.2605174408885205,60.15644115673748,26.205465336055713,586.6922674846913,565.6932000446055,578.8447519802379
2024-10-30,578.064453125,581.3633477929158,577.3468366252599,579.340127925038,41435800,565.6149572753907,529.1987762451172,575.9593996387374,3.9491384956858155,56.984884084993105,25.336928755107724,586.3726648855954,567.1240636300295,579.227469020905
2024-10-31,566.7326049804688,573.6991484390127,566.5332636815825,573.6293759428813,60182500,565.8089904785156,529.7008966064453,575.0806572903308,2.7562111111833474,41.69232348035604,24.96486418105386,586.2344750764447,567.343979513399,578.3360897398637
2024-11-01,569.12451171875,573.6193933460836,568.705937577061,569.4036017001581,45667500,566.1382995605469,530.194242553711,574.5134053311326,1.9809789558812554,45.04474011336381,24.619375648003842,586.40622779336,566.9788796285151,577.5202774666201
2024-11-04,567.8986206054688,570.5795996729566,565.9850781072051,569.2640201958944,38217000,566.3256469726563,530.6521351623535,573.8834258334504,1.2532361931932883,43.65925795059246,24.75732118489187,586.0914368363112,567.4939940718918,576.7305154260227
2024-11-05,574.7655639648438,574.8054078922688,568.6063010891585,568.8255339356318,39478300,566.676962890625,531.1393269348144,573.9674389888212,1.216575821542392,52.476992529513545,23.813800633617046,585.9694110884323,567.967838667427,576.3100485197285
2024-11-06,589.0574340820312,589.9444633264045,583.4264225525844,587.2236401168085,68182000,567.2988134765625,531.6910176086426,575.4045813786507,2.314081399294764,64.81830813806712,23.78851379238788,588.0391601327099,567.2834228751026,577.2671806831587
2024-11-07,593.612060546875,594.6486108837124,591.0108301769313,591.0905788560154,47233200,568.0765393066406,532.2628648376465,577.1386270137197,3.510911169381302,67.69732627378053,24.284624210724928,590.9777359670592,566.286308222394,578.1797056609108
2024-11-08,596.1834716796875,597.6286200573561,594.170227974366,594.170227974366,46444900,568.9047009277343,532.8345362854004,578.9524217438119,4.613714741503827,69.22834993646958,25.04655023525755,594.064185264133,565.0546196675076,579.3337361982094
2024-11-11,596.7515258789062,598.1567694017272,594.9974198997685,597.7979915870179,37586800,569.6383056640625,533.4121087646485,580.6475745185828,5.470471553315178,69.57145533523723,25.807429801282904,596.5842770432567,563.9736819411183,580.2889883510782
2024-11-12,594.8978271484375,597.2797640781976,592.3762843945897,596.6718248163537,43006100,570.5653503417968,533.9613572692871,582.0047414357119,5.931504808533987,66.94814670995692,25.95326023901311,598.582014096632,563.6822070947743,581.6262595111291
2024-11-13,595.1868286132812,597.2199638760482,592.9643282404705,595.3662175337821,47388600,571.5206311035156,534.5139265441894,583.2601783097662,6.248171950889059,67.1560775422545,26.08867421690545,600.3587169239777,563.3895130564911,582.9055494856825
2024-11-14,591.3596801757812,595.8047417344717,590.6620768755874,595.3163950921665,38904100,572.4259973144531,535.086902923584,584.0315594398628,6.119769159134307,61.6269840194158,25.70623424318756,601.344141414546,563.5004020424852,583.8340552495465
2024-11-15,583.78515625,588.2202413060753,581.9014814794444,587.741810056627,75988800,573.3636877441406,535.5908067321777,584.0080924693997,5.345192195342406,52.42697717769944,23.990457403162136,601.411179733195,563.5489704132895,584.1233845456395
2024-11-18,586.1771240234375,587.5125950397364,583.3765523681863,584.2535445173154,37084100,574.2289929199219,536.0812464904785,584.2146669031176,4.868228274636181,54.72553397087367,22.39723605170996,601.6997080779778,563.710924246241,584.534425766762
2024-11-19,588.3198852539062,589.0573932647131,582.0709587093536,582.7486704174037,49412000,575.0898583984375,536.591286315918,584.6056400793833,4.609992728084421,56.741880918676415,20.942787888920986,602.1907368842665,563.9155497368272,585.021559994681
2024-11-20,588.5192260742188,588.8082313989112,582.6689212758671,588.3996334687998,50032600,575.84283203125,537.0952632141114,584.978362555082,4.37103773308354,56.93403660321245,19.59222888061694,602.6729429822844,564.6801453966218,586.5971346652889
2024-11-21,591.6785888671875,593.1237371839187,585.4794823023249,591.4095359141672,46750300,576.5661901855469,537.5946980285645,585.6164793467111,4.386038826090839,59.96910736387812,19.07969483044204,603.4602948959459,565.3309526626479,587.9481096481292
2024-11-22,593.512451171875,594.1503189768671,591.1603820751913,591.6686202509217,38226400,577.2681994628906,538.1022160339355,586.3684766633934,4.494099480802674,61.65822082579344,18.769121576800995,604.366780549367,566.0659465014143,589.3711098180095
2024-11-25,595.5256958007812,598.8444819692141,593.2034944374628,597.5090108826315,42441400,577.9939794921875,538.6055824279786,587.240592771716,4.6881482891558335,63.480052315308136,19.18216332246455,605.47017841429,566.6269468298507,590.7655532848577
2024-11-26,598.6351928710938,599.3129045668759,596.0638302382595,596.7913620470338,45621300,578.7773791503906,539.1255824279785,588.3257927811806,5.034805688327538,66.15496263885596,19.631584445141566,606.928816363732,567.0499739194711,591.6237635005638
2024-11-27,596.8212890625,598.8344717672517,595.2765005812439,598.4458262225876,34000200,579.557685546875,539.6705760192871,589.1348876651157,5.104327783422264,63.24482929582005,19.854872828376717,607.863752164165,567.9907217127881,591.8019100213186
2024-11-29,600.52880859375,601.3261129268905,597.36945899809,597.6484881409995,30177400,580.2217700195313,540.2119415283203,590.2200229916523,5.396384227560134,66.48959957968282,20.441326342496104,607.7267197397854,571.5073744984958,591.8747082178727
2024-12-02,601.605224609375,602.2929125479887,600.4490815787433,600.9474044087409,31746000,580.9269970703125,540.7417070007324,591.304327907626,5.6495740670619625,67.38972163778574,21.12930541929259,607.4325852822255,575.0495802451182,592.0793888381505
2024-12-03,601.8842163085938,602.1333777080879,600.3195362505401,601.3660019623314,26906600,581.6094995117187,541.2852090454102,592.3119363267657,5.805815312568711,67.63239836097819,21.730872435596428,605.7581508551217,580.1225742425346,592.3027142650965
2024-12-04,605.6216430664062,605.8708044682724,602.9207724016469,603.5984841150722,42787600,582.3342602539062,541.8609741210937,593.5795274448267,6.160205712804782,70.77046142829445,22.847140246918148,605.4773938659889,583.4889391418235,592.9826819589777
2024-12-05,604.625,606.4389023128589,604.2662221791059,605.621645611653,28762200,583.0642028808594,542.4295346069335,594.6314772119861,6.288155944583423,68.85343370719633,23.963399226215206,606.7998803415027,583.7232092581067,593.6092221921926
2024-12-06,605.7711791992188,607.0269624285027,604.9838510488302,605.4024251817842,31241500,583.7720202636718,542.9530276489257,595.6924012107702,6.408175054380877,69.86443848983092,25.085515949759188,608.2469426648461,583.4920587999977,595.6024017551937
2024-12-09,602.6516723632812,605.820998167633,602.0537093173363,605.6515854430188,34742700,584.4339929199218,543.459195098877,596.3551889395808,6.180329936348244,63.79500938884715,25.183491289930778,608.9193614675883,583.4664600656149,596.8078632300721
2024-12-10,600.7779541015625,603.7678908945335,600.1102185836498,603.3393405871914,37234500,585.0128442382812,543.9651762390137,596.7764046692934,5.781917290956585,60.40080916535456,24.70262943742666,609.2761008508065,583.5123635046622,598.1269907610971
2024-12-11,605.42236328125,606.3890803229617,603.4689159895003,603.7480059585018,28677700,585.7870385742187,544.4897389221192,597.5998292990035,5.774374015699323,65.32542907243088,24.746620390636366,610.362499995482,583.478417973268,599.6755744923656
2024-12-12,602.3028564453125,605.1233197139765,602.3028564453125,604.5453090600739,31543800,586.4940588378906,545.0020115661621,598.0477366462711,5.453809661953414,59.934046444135014,24.44035411514082,610.8915104161341,583.661010335819,600.8333191753412
2024-12-13,602.1832885742188,605.093476832397,600.7879603355512,604.3659449754581,35904700,587.2194177246093,545.5047016906739,598.4415987346471,5.130965398937633,59.73056362997972,23.71317323746275,611.3088502687068,584.32603132309,601.5977503365485
2024-12-16,604.7545776367188,605.7413079042333,603.1799213451903,603.9672494909545,43695200,587.893349609375,545.9967004394531,599.0428348205587,5.024669273082623,62.66604434539563,23.17972035841518,611.0258762905233,586.7059474399454,602.3699050540737
2024-12-17,602.262939453125,603.1399924355125,600.8676721305405,602.1632992266615,55773500,588.6207006835938,546.4789562988282,599.3495114522317,4.685364484355887,58.23594404317224,22.00585812774167,610.4119013921145,588.928503881323,602.7421307053515
2024-12-18,584.3134155273438,604.3758356273496,583.9247091414081,601.9539941025837,108248700,588.882021484375,546.8967401123047,597.9175023165282,2.934262077634685,37.60928178732663,22.94134824202103,611.1584981997646,587.7812601010166,600.822994787901
2024-12-19,584.1339721679688,591.0108512618689,583.8848107635582,589.3763378496345,85919500,589.0606188964844,547.3009394836425,596.6047851595225,1.5145622935281153,37.46641243132791,23.814621745084196,611.8793994051066,586.6218335050496,598.8790144265641
2024-12-20,591.1500244140625,595.75,580.9099731445312,581.77001953125,125716700,589.3996704101562,547.7152395629882,596.0852841361454,0.9446870031783874,46.089580746149515,23.537147777981037,611.9182877640844,586.5300887007593,597.0807937591069
2024-12-23,594.6900024414062,595.2999877929688,587.6599731445312,590.8900146484375,57635800,589.7407531738281,548.1624937438964,595.9524001652179,0.7698292593229326,49.84742832444246,23.279493379956676,611.8812115625403,586.6849200292565,596.5745900783131
2024-12-24,601.2999877929688,601.3400268554688,595.469970703125,596.0599975585938,33160100,590.1195532226562,548.6449700927734,596.4616942250036,1.1513517472038757,56.01302562393466,21.816724234937006,612.0765747276774,587.0669860633383,596.2231700046991
2024-12-26,601.3400268554688,602.47998046875,598.0800170898438,599.5,41219100,590.5896496582031,549.1004945373535,596.926297332667,1.4403385589657773,56.04827293409061,20.265484139190306,612.2268711310163,587.1871730584368,596.1248333202731
2024-12-27,595.010009765625,597.780029296875,590.760009765625,597.5399780273438,64969300,590.8829150390625,549.5283680725098,596.7437937548534,1.1453799848433164,49.319631594191385,19.978007133154115,612.2442333298878,586.9886829298779,595.6012439424343
2024-12-30,588.219970703125,591.739990234375,584.4099731445312,587.8900146484375,56578800,591.0393835449219,549.9273265075684,595.9320010832603,0.35957878378053465,43.31294549208524,20.502722032593027,612.5566475397043,585.4453849309989,594.7357576142518
2024-12-31,586.0800170898438,590.6400146484375,584.4199829101562,589.9099731445312,57052700,591.1084020996094,550.333041229248,594.993716893411,-0.4308837421433509,41.59361809634643,20.989957296357733,612.8322499260133,583.6172617927367,593.8974971432364
